"","parent","node","branch.length","label","Unique_ID","dataset_id","family","genus","woodiness","reclass_life_history","putative_BNF","myc_type","lat_deg","long_deg","ln_leaf_N","ln_leaf_P","ln_leaf_C","ln_NP_ratio","ln_CN_ratio","ln_CP_ratio","SE_N","SE_P","SE_C","CV_N_sp","CV_P_sp","CV_C_sp","sd_ln_NP_sp","sd_ln_CN_sp","sd_ln_CP_sp","CV_N_gen","CV_P_gen","CV_C_gen","sd_lnNP_gen","sd_lnCN_gen","sd_lnCP_gen","CV_N_fam","CV_P_fam","CV_C_fam","sd_lnNP_fam","sd_lnCN_fam","sd_lnCP_fam","SE_ln_NP_sp","SE_ln_CN_sp","SE_ln_CP_sp","avg_leaf_N","avg_leaf_C","avg_leaf_P","avg_ar_NP_ratio","avg_ar_CN_ratio","avg_ar_CP_ratio","avg_geo_NP_ratio","avg_geo_CN_ratio","avg_geo_CP_ratio"
"1",189,1,84.763337,"Stylosanthes_hamata",1957,"Schmidt_2003","Fabaceae","Stylosanthes","0","short","1","AM",-12.65,132.9166667,3.09104245335832,NA,6.12238315437967,NA,3.03134070102136,NA,1.48323969741913,NA,13.3305138685649,0.132664991614216,NA,0.0699568992117034,NA,0.18900436926624,NA,0.132664991614216,NA,0.0699568992117034,NA,0.18900436926624,NA,0.28281919967697,0.628633727057499,0.0714972632801905,0.461146900436115,0.345639255213832,0.530079004125326,NA,0.0845253235447567,NA,25,426.09,NA,NA,17.376831502,NA,NA,17.1326285131392,NA
"2",190,2,42.3816685,"Mirbelia_platylobioides",1602,"Gallagher_2018","Fabaceae","Mirbelia","1","long","1","EcM-AM",-33.57912,150.36555,2.47653840011748,-1.67131331615219,NA,4.14785171626295,NA,NA,NA,NA,NA,NA,NA,NA,NA,NA,NA,0.249567099242311,NA,NA,NA,NA,NA,0.28281919967697,0.628633727057499,0.0714972632801905,0.461146900436115,0.345639255213832,0.530079004125326,NA,NA,NA,11.9,NA,0.188,63.29787234,NA,NA,63.29787234,NA,NA
"3",190,3,42.3816685,"Mirbelia_rubiifolia",1839,"Schmidt_1997","Fabaceae","Mirbelia","1","long","1","EcM-AM",-26.9,152.9,2.83321334405622,NA,NA,NA,NA,NA,NA,NA,NA,NA,NA,NA,NA,NA,NA,0.249567099242311,NA,NA,NA,NA,NA,0.28281919967697,0.628633727057499,0.0714972632801905,0.461146900436115,0.345639255213832,0.530079004125326,NA,NA,NA,17,NA,NA,NA,NA,NA,NA,NA,NA
"4",189,4,84.763337,"Hovea_linearis",1621,"Gallagher_2018","Fabaceae","Hovea","1","long","1","AM",-33.58846,151.28337,2.95491027903374,-1.1679623668029,NA,4.12287264591528,NA,NA,NA,NA,NA,NA,NA,NA,NA,NA,NA,NA,NA,NA,NA,NA,NA,0.28281919967697,0.628633727057499,0.0714972632801905,0.461146900436115,0.345639255213832,0.530079004125326,NA,NA,NA,19.2,NA,0.311,61.73633441,NA,NA,61.73633441,NA,NA
"5",191,5,42.3816685,"Phyllota_phylicoides",1622,"Gallagher_2018","Fabaceae","Phyllota","1","long","1","EcM-AM",-33.58846,151.28337,2.484906649788,-2.02495335639577,NA,4.50986000619377,NA,NA,1.0816653826392,0.0225,NA,0.132872297838264,0.205953431413557,NA,0.0639273787054414,NA,NA,0.118159961666944,0.125897431527404,NA,0.0492863696941794,NA,NA,0.28281919967697,0.628633727057499,0.0714972632801905,0.461146900436115,0.345639255213832,0.530079004125326,0.0452034829860981,NA,NA,14.1,NA,0.1545,86.979969185,NA,NA,86.8911793100639,NA,NA
"6",191,6,42.3816685,"Phyllota_squarrosa",1603,"Gallagher_2018","Fabaceae","Phyllota","1","long","1","EcM-AM",-33.57912,150.36555,2.55722731136763,-1.83885107676191,NA,4.3960783881086,NA,NA,0.35,0.007,NA,0.0394402188709629,0.0651282561619189,NA,0.0257239084016763,NA,NA,0.118159961666944,0.125897431527404,NA,0.0492863696941794,NA,NA,0.28281919967697,0.628633727057499,0.0714972632801905,0.461146900436115,0.345639255213832,0.530079004125326,0.0181895500694469,NA,NA,12.55,NA,0.152,82.63500325,NA,NA,82.621334836806,NA,NA
"7",192,7,42.3816685,"Jacksonia_dilatata",1954,"Schmidt_2003","Fabaceae","Jacksonia","1","long","1","EcM-AM",-12.65,132.9166667,2.70805020110221,NA,6.23734758539168,NA,3.52929738428947,NA,0.906917857360853,NA,0.600925212577332,0.146869288641434,NA,0.00203818472532585,NA,0.158222835926159,NA,0.354844303068616,0.392441937963208,0.0268017585121164,0.28617769448806,0.114559926336647,0.173066825495677,0.28281919967697,0.628633727057499,0.0714972632801905,0.461146900436115,0.345639255213832,0.530079004125326,NA,0.0913499969139139,NA,12.35,510.666666666667,NA,NA,41.00050505,NA,NA,40.6675970809639,NA
"8",192,8,42.3816685,"Jacksonia_scoparia",1333,"Bloomfield_2018","Fabaceae","Jacksonia","1","long","1","EcM-AM",-33.619,150.738,2.98512622776677,-0.438504962186365,NA,3.42363119011484,NA,NA,1.42376243079458,0.0285805786100319,NA,0.273485962590347,0.196459012014472,NA,0.24117955668645,NA,NA,0.354844303068616,0.392441937963208,0.0268017585121164,0.28617769448806,0.114559926336647,0.173066825495677,0.28281919967697,0.628633727057499,0.0714972632801905,0.461146900436115,0.345639255213832,0.530079004125326,0.0539293883534165,NA,NA,23.28185,NA,0.6506,36.3362776505,NA,NA,35.3538501938416,NA,NA
"9",192,9,42.3816685,"Jacksonia_floribunda",1683,"Hayes_2014","Fabaceae","Jacksonia","1","long","1","EcM-AM",-30.2950876,115.1876421,2.56355618591011,-1.29385704950696,6.17143909140492,3.85741323466006,3.60788290544952,7.46529614031689,0.253236974694223,0.0159819395151997,0.783222965155698,0.0535240689235107,0.17702213368623,0.00487448724215152,0.144252226719015,0.0527382959460278,0.173066825495677,0.354844303068616,0.392441937963208,0.0268017585121164,0.28617769448806,0.114559926336647,0.173066825495677,0.28281919967697,0.628633727057499,0.0714972632801905,0.461146900436115,0.345639255213832,0.530079004125326,0.0480840755730052,0.0175794319820093,0.0576889418318922,14.1938185822222,482.034064044444,0.270846461666667,53.5263496111111,34.0467729622222,1827.32761544444,53.0418919313067,34.004447003157,1803.6602032992
"10",193,10,42.3816685,"Pultenaea_paleacea",1840,"Schmidt_1997","Fabaceae","Pultenaea","1","long","1","EcM-AM",-26.9,152.9,2.66025953726586,NA,NA,NA,NA,NA,NA,NA,NA,NA,NA,NA,NA,NA,NA,0.268033362508659,0.917808434374714,0.0157148749190321,0.553952411906034,0.341003615140282,NA,0.28281919967697,0.628633727057499,0.0714972632801905,0.461146900436115,0.345639255213832,0.530079004125326,NA,NA,NA,14.3,NA,NA,NA,NA,NA,NA,NA,NA
"11",193,11,42.3816685,"Pultenaea_villosa",2236,"Westman_1977","Fabaceae","Pultenaea","1","long","1","EcM-AM",-27.5,153.5,3.25809653802148,-0.105360515657826,NA,3.36345705371777,NA,NA,NA,NA,NA,NA,NA,NA,NA,NA,NA,0.268033362508659,0.917808434374714,0.0157148749190321,0.553952411906034,0.341003615140282,NA,0.28281919967697,0.628633727057499,0.0714972632801905,0.461146900436115,0.345639255213832,0.530079004125326,NA,NA,NA,26,NA,0.9,28.88888889,NA,NA,28.88888889,NA,NA
"12",193,12,42.3816685,"Pultenaea_scabra",1608,"Gallagher_2018","Fabaceae","Pultenaea","1","long","1","EcM-AM",-33.54299,150.34431,2.79116510781272,-1.53711725085447,NA,4.32828235868866,NA,NA,NA,NA,NA,NA,NA,NA,NA,NA,NA,0.268033362508659,0.917808434374714,0.0157148749190321,0.553952411906034,0.341003615140282,NA,0.28281919967697,0.628633727057499,0.0714972632801905,0.461146900436115,0.345639255213832,0.530079004125326,NA,NA,NA,16.3,NA,0.215,75.81395349,NA,NA,75.81395349,NA,NA
"13",193,13,42.3816685,"Pultenaea_kraehenbuehlii",1554,"Dong_2017","Fabaceae","Pultenaea","1","long","1","EcM-AM",-34.005,138.959,3.28115664469007,NA,6.17498705767651,NA,2.89383041317977,NA,NA,NA,NA,NA,NA,NA,NA,NA,NA,0.268033362508659,0.917808434374714,0.0157148749190321,0.553952411906034,0.341003615140282,NA,0.28281919967697,0.628633727057499,0.0714972632801905,0.461146900436115,0.345639255213832,0.530079004125326,NA,NA,NA,26.60652921,480.5768041,NA,NA,18.06236358,NA,NA,18.06236358,NA
"14",193,14,42.3816685,"Pultenaea_involucrata",1559,"Dong_2017","Fabaceae","Pultenaea","1","long","1","EcM-AM",-35.608,138.261,2.56608415564215,NA,6.19933059439493,NA,3.63324643885003,NA,0.00157607500000001,NA,1.32157304999998,0.000171239164312052,NA,0.00378535912971517,NA,0.0036141288885963,NA,0.268033362508659,0.917808434374714,0.0157148749190321,0.553952411906034,0.341003615140282,NA,0.28281919967697,0.628633727057499,0.0714972632801905,0.461146900436115,0.345639255213832,0.530079004125326,NA,0.00255557504520865,NA,13.016336825,493.74087555,NA,NA,37.93238677,NA,NA,37.9322629028144,NA
"15",193,15,42.3816685,"Pultenaea_muelleri",1474,"Caldwell_2016","Fabaceae","Pultenaea","1","long","1","EcM-AM",-37.983,145.8,2.76631910922619,NA,NA,NA,NA,NA,0.583809329604567,NA,NA,0.0705509763872588,NA,NA,NA,NA,NA,0.268033362508659,0.917808434374714,0.0157148749190321,0.553952411906034,0.341003615140282,NA,0.28281919967697,0.628633727057499,0.0714972632801905,0.461146900436115,0.345639255213832,0.530079004125326,NA,NA,NA,16.55,NA,NA,NA,NA,NA,NA,NA,NA
"16",193,16,42.3816685,"Pultenaea_daphnoides",1561,"Dong_2017","Fabaceae","Pultenaea","1","long","1","EcM-AM",-35.608,138.261,2.91742903317131,NA,6.18819122966618,NA,3.27076219655064,NA,2.53262262154485,NA,3.14718832488474,0.24867790996958,NA,0.0113396569109797,NA,0.193897739528661,NA,0.268033362508659,0.917808434374714,0.0157148749190321,0.553952411906034,0.341003615140282,NA,0.28281919967697,0.628633727057499,0.0714972632801905,0.461146900436115,0.345639255213832,0.530079004125326,NA,0.111946912112133,NA,20.3686979825,480.710318,0.196,75,22.11511759,NA,75,21.8423440770201,NA
"17",194,17,42.3816685,"Platylobium_obtusangulum",1579,"Edwards_2000","Fabaceae","Platylobium","1","long","1","EcM-AM",-39.01667,146.3333,2.81241021642645,NA,NA,NA,NA,NA,0.859988411469873,NA,NA,0.116728179728243,NA,NA,NA,NA,NA,0.153036827823593,NA,NA,NA,NA,NA,0.28281919967697,0.628633727057499,0.0714972632801905,0.461146900436115,0.345639255213832,0.530079004125326,NA,NA,NA,18.0464802733333,488.722274,NA,NA,25.72373907,NA,NA,25.72373907,NA
"18",194,18,42.3816685,"Platylobium_formosum",1615,"Gallagher_2018","Fabaceae","Platylobium","1","long","1","EcM-AM",-33.53835,151.2827,2.58021682959233,-1.53711725085447,NA,4.11733408049225,NA,NA,NA,NA,NA,NA,NA,NA,NA,NA,NA,0.153036827823593,NA,NA,NA,NA,NA,0.28281919967697,0.628633727057499,0.0714972632801905,0.461146900436115,0.345639255213832,0.530079004125326,NA,NA,NA,13.2,NA,0.215,61.39534884,NA,NA,61.39534884,NA,NA
"19",200,19,57.631491,"Swainsona_oroboides",1537,"Dong_2017","Fabaceae","Swainsona","0","long","1","AM",-26.278,134.999,3.388736453101,NA,NA,NA,1.2109494480519,NA,NA,NA,NA,NA,NA,NA,NA,NA,NA,NA,NA,NA,NA,NA,NA,0.28281919967697,0.628633727057499,0.0714972632801905,0.461146900436115,0.345639255213832,0.530079004125326,NA,NA,NA,29.62849162,NA,NA,NA,3.356670124,NA,NA,3.356670124,NA
"20",209,20,1.718867,"Cullen_balsamicum",1516,"Dong_2017","Fabaceae","Cullen","1","long","1","AM",-18.906,137.069,3.37583984331598,NA,6.1847978201312,NA,2.80895797661025,NA,NA,NA,NA,NA,NA,NA,NA,NA,NA,0.231004738098495,0.223296878269436,NA,0.285718857912932,0.944171580696417,NA,0.28281919967697,0.628633727057499,0.0714972632801905,0.461146900436115,0.345639255213832,0.530079004125326,NA,NA,NA,29.24883791,485.3148328,NA,NA,16.59261931,NA,NA,16.59261931,NA
"21",209,21,1.718867,"Cullen_pallidum",1533,"Dong_2017","Fabaceae","Cullen","0","short","1","AM",-24.782,136.01,3.25485204264176,NA,NA,NA,1.47369772198214,NA,NA,NA,NA,NA,NA,NA,NA,NA,NA,0.231004738098495,0.223296878269436,NA,0.285718857912932,0.944171580696417,NA,0.28281919967697,0.628633727057499,0.0714972632801905,0.461146900436115,0.345639255213832,0.530079004125326,NA,NA,NA,25.91577982,NA,NA,NA,4.365347174,NA,NA,4.365347174,NA
"22",209,22,1.718868,"Cullen_cinereum",1733,"Islam_1999_2","Fabaceae","Cullen","0","short","1","AM",-22.33,117.6166667,2.88480071284671,0.78845736036427,NA,2.09634335243775,NA,NA,0.800000000000001,0.3,NA,0.060501114967833,0.223296878269436,NA,0.285718857912932,NA,NA,0.231004738098495,0.223296878269436,NA,0.285718857912932,0.944171580696417,NA,0.28281919967697,0.628633727057499,0.0714972632801905,0.461146900436115,0.345639255213832,0.530079004125326,0.20203374194311,NA,NA,18.7,NA,1.9,10.161931818,NA,NA,9.95800842607346,NA,NA
"23",208,23,15.837154,"Glycine_tomentella",1943,"Schmidt_2003","Fabaceae","Glycine","0","long","1","AM",-12.65,132.9166667,3.53805656437935,NA,NA,NA,NA,NA,0.199999999999999,NA,NA,0.00827025475071982,NA,NA,NA,NA,NA,0.00827025475071982,NA,NA,NA,NA,NA,0.28281919967697,0.628633727057499,0.0714972632801905,0.461146900436115,0.345639255213832,0.530079004125326,NA,NA,NA,34.2,458.7,NA,NA,13.49117647,NA,NA,13.49117647,NA
"24",207,24,17.833361,"Calopogonium_mucunoides",1917,"Schmidt_2003","Fabaceae","Calopogonium","0","long","0","AM",-12.65,132.9166667,3.55534806148941,NA,6.12095654234074,NA,2.56560848096114,NA,NA,NA,NA,NA,NA,NA,NA,NA,NA,NA,NA,NA,NA,NA,NA,0.28281919967697,0.628633727057499,0.0714972632801905,0.461146900436115,0.345639255213832,0.530079004125326,NA,NA,NA,35,455.3,NA,NA,13.00857143,NA,NA,13.00857143,NA
"25",210,25,11.321019,"Desmodium_brownii",1923,"Schmidt_2003","Fabaceae","Desmodium","0","short","1","AM",-12.65,132.9166667,2.98061863574394,NA,NA,NA,NA,NA,1.2737739202857,NA,3.9205388660234,0.169110902567184,NA,0.0172834688533571,NA,0.206548414874406,NA,0.169110902567184,NA,0.0172834688533571,NA,0.206548414874406,NA,0.28281919967697,0.628633727057499,0.0714972632801905,0.461146900436115,0.345639255213832,0.530079004125326,NA,0.103274207437203,NA,18.45,453.675,NA,NA,26.0496705425,NA,NA,25.645671039477,NA
"26",211,26,4.86361,"Alysicarpus_schomburgkii",1911,"Schmidt_2003","Fabaceae","Alysicarpus","0","short","1","AM",-12.65,132.9166667,3.25809653802148,NA,NA,NA,NA,NA,0,NA,NA,0,NA,NA,NA,NA,NA,0.0224941663320633,NA,0.0201819547710745,NA,0.0479165571619528,NA,0.28281919967697,0.628633727057499,0.0714972632801905,0.461146900436115,0.345639255213832,0.530079004125326,NA,NA,NA,26,424.8,NA,NA,16.33846154,NA,NA,16.33846154,NA
"27",211,27,4.863611,"Alysicarpus_vaginalis",1912,"Schmidt_2003","Fabaceae","Alysicarpus","0","short","1","AM",-12.65,132.9166667,3.2188758248682,NA,6.08016200186927,NA,2.86128617700107,NA,NA,NA,NA,NA,NA,NA,NA,NA,NA,0.0224941663320633,NA,0.0201819547710745,NA,0.0479165571619528,NA,0.28281919967697,0.628633727057499,0.0714972632801905,0.461146900436115,0.345639255213832,0.530079004125326,NA,NA,NA,25,437.1,NA,NA,17.484,NA,NA,17.484,NA
"28",205,28,30.447078,"Vigna_lanceolata",1966,"Schmidt_2003","Fabaceae","Vigna","0","long","1","AM",-12.65,132.9166667,3.40119738166216,NA,6.08267542716137,NA,2.68147804572742,NA,NA,NA,NA,NA,NA,NA,NA,NA,NA,NA,NA,NA,NA,NA,NA,0.28281919967697,0.628633727057499,0.0714972632801905,0.461146900436115,0.345639255213832,0.530079004125326,NA,NA,NA,30,438.2,NA,NA,14.60666667,NA,NA,14.60666667,NA
"29",212,29,15.480424,"Cajanus_acutifolius",1916,"Schmidt_2003","Fabaceae","Cajanus","1","long","1","AM",-12.65,132.9166667,2.83321334405622,NA,6.28683573241907,NA,3.45362238828843,NA,0.0999999999999996,NA,NA,0.00836812758800645,NA,NA,NA,NA,NA,0.00836812758800645,NA,NA,NA,NA,NA,0.28281919967697,0.628633727057499,0.0714972632801905,0.461146900436115,0.345639255213832,0.530079004125326,NA,NA,NA,16.9,537.45,NA,NA,31.61470588,NA,NA,31.61470588,NA
"30",212,30,15.480424,"Flemingia_parviflora",1936,"Schmidt_2003","Fabaceae","Flemingia","0","long","1","AM",-12.65,132.9166667,2.77258872223978,NA,6.1249021853377,NA,3.35231346309792,NA,0.199999999999999,NA,NA,0.0174594266959641,NA,NA,NA,NA,NA,0.0174594266959641,NA,NA,NA,NA,NA,0.28281919967697,0.628633727057499,0.0714972632801905,0.461146900436115,0.345639255213832,0.530079004125326,NA,NA,NA,16.2,457.1,NA,NA,28.56875,NA,NA,28.56875,NA
"31",213,31,5.59613,"Kennedia_prostrata",1588,"Funk_2016","Fabaceae","Kennedia","0","long","1","NM-AM",-32.04667,115.83639,3.32862668882732,-0.0681177937648834,NA,3.3967444825394,NA,NA,0.5285830114561,0.0968860785062871,NA,0.0416472003300701,0.214893423462431,NA,0.199302792707785,NA,NA,0.0416472003300701,0.214893423462431,NA,0.199302792707785,NA,NA,0.28281919967697,0.628633727057499,0.0714972632801905,0.461146900436115,0.345639255213832,0.530079004125326,0.0891309185200315,NA,NA,28.38,NA,1.008145592,29.060619476,NA,NA,28.6149477989426,NA,NA
"32",214,32,4.575918,"Hardenbergia_violacea",1552,"Dong_2017","Fabaceae","Hardenbergia","0","long","1","AM",-34.881,138.708,2.98899597908293,NA,6.12410610285132,NA,3.13511012391439,NA,NA,NA,NA,NA,NA,NA,NA,NA,NA,0.196215546799288,0.588615987230942,0.0566675816450949,0.295531951758387,0.154177166671516,0.445516763279787,0.28281919967697,0.628633727057499,0.0714972632801905,0.461146900436115,0.345639255213832,0.530079004125326,NA,NA,NA,19.86572687,456.7362555,NA,NA,22.99116758,NA,NA,22.99116758,NA
"33",214,33,4.575918,"Hardenbergia_comptoniana",1712,"Hayes_2014","Fabaceae","Hardenbergia","1","long","1","AM",-30.407139,115.081852,2.85773876849639,-0.171764485292651,6.16282989617003,3.02950325375559,3.30509112774156,6.33459438123493,2.00692628999435,0.28921631113625,13.0208073294683,0.217286275935977,0.588615987230942,0.0630261285901376,0.295531951758387,0.172280222032364,0.445516763279787,0.196215546799288,0.588615987230942,0.0566675816450949,0.295531951758387,0.154177166671516,0.445516763279787,0.28281919967697,0.628633727057499,0.0714972632801905,0.461146900436115,0.345639255213832,0.530079004125326,0.132165906730988,0.0770460575286248,0.199241153561857,20.653046728,461.95777786,1.098691415,21.231656212,22.966074136,499.69604062,20.5575637153745,22.7046031064676,466.751324996364
"34",217,34,7.181342,"Tephrosia_remotiflora",1962,"Schmidt_2003","Fabaceae","Tephrosia","0","short","1","AM",-12.65,132.9166667,3.2188758248682,NA,6.14718542210476,NA,2.92830959723656,NA,0.623665241402255,NA,5.08166639335301,0.0534761193056596,NA,0.0184870917462775,NA,0.077896955356214,NA,0.194900782610954,NA,0.019104964151794,NA,0.242194522706072,NA,0.28281919967697,0.628633727057499,0.0714972632801905,0.461146900436115,0.345639255213832,0.530079004125326,NA,0.0449738281439624,NA,23.325,476.1,NA,NA,20.4715915666667,NA,NA,20.430792293204,NA
"35",217,35,7.181342,"Tephrosia_leptoclada",1521,"Dong_2017","Fabaceae","Tephrosia","0","short","1","AM",-17.896,137.101,2.65786541069353,NA,6.14229664553017,NA,3.48443123497922,NA,NA,NA,NA,NA,NA,NA,NA,NA,NA,0.194900782610954,NA,0.019104964151794,NA,0.242194522706072,NA,0.28281919967697,0.628633727057499,0.0714972632801905,0.461146900436115,0.345639255213832,0.530079004125326,NA,NA,NA,14.26580494,465.1205622,NA,NA,32.60387789,NA,NA,32.60387789,NA
"36",218,36,0.854434,"Galactia_tenuiflora",1938,"Schmidt_2003","Fabaceae","Galactia","0","long","1","AM",-12.65,132.9166667,3.22684399451738,NA,NA,NA,NA,NA,1.29213002441705,NA,8.17666055170312,0.117260169251826,NA,0.029644972463984,NA,0.160539242350527,NA,0.132074494905785,NA,0.029644972463984,NA,0.160539242350527,NA,0.28281919967697,0.628633727057499,0.0714972632801905,0.461146900436115,0.345639255213832,0.530079004125326,NA,0.0926873747865752,NA,24.64,477.733333333333,NA,NA,19.70302408,NA,NA,19.5335262641258,NA
"37",218,37,0.854434,"Galactia_megalophylla",1937,"Schmidt_2003","Fabaceae","Galactia","1","long","1","AM",-12.65,132.9166667,3.00568260440716,NA,NA,NA,NA,NA,NA,NA,NA,NA,NA,NA,NA,NA,NA,0.132074494905785,NA,0.029644972463984,NA,0.160539242350527,NA,0.28281919967697,0.628633727057499,0.0714972632801905,0.461146900436115,0.345639255213832,0.530079004125326,NA,NA,NA,20.2,NA,NA,NA,NA,NA,NA,NA,NA
"38",215,38,39.451003,"Abrus_precatorius",1844,"Schmidt_2003","Fabaceae","Abrus","1","long","1","AM",-12.65,132.9166667,3.3322045101752,NA,6.15464575724951,NA,2.82244124690442,NA,1.44337567297406,NA,4.94999999999999,0.0819672131147541,NA,0.0150238376086421,NA,0.131204204435147,NA,0.0819672131147541,NA,0.0150238376086421,NA,0.131204204435147,NA,0.28281919967697,0.628633727057499,0.0714972632801905,0.461146900436115,0.345639255213832,0.530079004125326,NA,0.0927753826762787,NA,30.5,465.95,NA,NA,15.393777055,NA,NA,15.3277646097058,NA
"39",219,39,15.428824,"Indigofera_linifolia",1949,"Schmidt_2003","Fabaceae","Indigofera","0","short","1","AM",-12.65,132.9166667,3.52636052461616,NA,NA,NA,NA,NA,0,NA,NA,0,NA,NA,NA,NA,NA,0.0159535895576505,NA,0.0491376602035036,NA,0.0286601647465942,NA,0.28281919967697,0.628633727057499,0.0714972632801905,0.461146900436115,0.345639255213832,0.530079004125326,NA,NA,NA,34,430.6,NA,NA,12.66470588,NA,NA,12.66470588,NA
"40",219,40,15.428824,"Indigofera_hirsuta",1947,"Schmidt_2003","Fabaceae","Indigofera","0","short","1","AM",-12.65,132.9166667,3.55248682920838,NA,NA,NA,NA,NA,0.0500000000000007,NA,NA,0.00202319536820188,NA,NA,NA,NA,NA,0.0159535895576505,NA,0.0491376602035036,NA,0.0286601647465942,NA,0.28281919967697,0.628633727057499,0.0714972632801905,0.461146900436115,0.345639255213832,0.530079004125326,NA,NA,NA,34.95,461.6,NA,NA,13.18857143,NA,NA,13.18857143,NA
"41",223,41,26.532075,"Gompholobium_subulatum",1946,"Schmidt_2003","Fabaceae","Gompholobium","1","long","1","EcM-AM",-12.65,132.9166667,2.89037175789616,NA,6.26396952795992,NA,3.37359776994953,NA,0,NA,NA,0,NA,NA,NA,NA,NA,0.218225641204053,0.20165186866046,NA,0.068440907931766,NA,NA,0.28281919967697,0.628633727057499,0.0714972632801905,0.461146900436115,0.345639255213832,0.530079004125326,NA,NA,NA,18,525.3,NA,NA,29.18333333,NA,NA,29.18333333,NA
"42",223,42,26.532075,"Gompholobium_pinnatum",1838,"Schmidt_1997","Fabaceae","Gompholobium","0","long","1","EcM-AM",-26.9,152.9,2.77258872223978,NA,NA,NA,NA,NA,NA,NA,NA,NA,NA,NA,NA,NA,NA,0.218225641204053,0.20165186866046,NA,0.068440907931766,NA,NA,0.28281919967697,0.628633727057499,0.0714972632801905,0.461146900436115,0.345639255213832,0.530079004125326,NA,NA,NA,16,NA,NA,NA,NA,NA,NA,NA,NA
"43",223,43,26.532075,"Gompholobium_grandiflorum",1620,"Gallagher_2018","Fabaceae","Gompholobium","1","long","1","EcM-AM",-33.58846,151.28337,2.56494935746154,-1.63475572041839,NA,4.19970507792993,NA,NA,0.75608641481425,0.0151932002334378,NA,0.130359726692112,0.175643933334541,NA,0.0786199031004053,NA,NA,0.218225641204053,0.20165186866046,NA,0.068440907931766,NA,NA,0.28281919967697,0.628633727057499,0.0714972632801905,0.461146900436115,0.345639255213832,0.530079004125326,0.0393099515502026,NA,NA,11.6,NA,0.173,67.5790403475,NA,NA,67.4193643968361,NA,NA
"44",223,44,26.532076,"Gompholobium_glabratum",1619,"Gallagher_2018","Fabaceae","Gompholobium","1","long","1","EcM-AM",-33.58846,151.28337,2.73436750941958,-1.46101790731583,NA,4.19538541666268,NA,NA,NA,NA,NA,NA,NA,NA,NA,NA,NA,0.218225641204053,0.20165186866046,NA,0.068440907931766,NA,NA,0.28281919967697,0.628633727057499,0.0714972632801905,0.461146900436115,0.345639255213832,0.530079004125326,NA,NA,NA,15.4,NA,0.232,66.37931034,NA,NA,66.37931034,NA,NA
"45",224,45,8.9864845,"Gastrolobium_trilobum",1808,"Read_2005","Fabaceae","Gastrolobium","1","long","1","EcM-AM",-32.55399,117.335394,2.59525470695687,-1.10866262452161,NA,3.70391733157549,NA,NA,0.636710295189264,0.0358329457343378,NA,0.091735019459868,0.211970641523917,NA,0.179943413161956,NA,NA,0.168810429447318,0.366036028512011,NA,0.280584100101891,NA,NA,0.28281919967697,0.628633727057499,0.0714972632801905,0.461146900436115,0.345639255213832,0.530079004125326,0.080473140786693,NA,NA,15.52,NA,0.378,42.249921578,NA,NA,41.6752464569232,NA,NA
"46",224,46,8.9864845,"Gastrolobium_spinosum",1823,"Read_2005","Fabaceae","Gastrolobium","1","long","1","EcM-AM",-32.55399,117.335394,2.69462718077007,-1.96611285637283,NA,4.66074003700777,NA,NA,0.73693057113046,0.0248103920879045,NA,0.15724555210398,0.326905619331662,NA,0.246225893160722,NA,NA,0.168810429447318,0.366036028512011,NA,0.280584100101891,NA,NA,0.28281919967697,0.628633727057499,0.0714972632801905,0.461146900436115,0.345639255213832,0.530079004125326,0.0778634641297158,NA,NA,14.82,NA,0.24,65.696069436,NA,NA,63.8037192887392,NA,NA
"47",224,47,8.9864855,"Gastrolobium_parviflorum",1798,"Read_2005","Fabaceae","Gastrolobium","1","long","1","EcM-AM",-32.55399,117.335394,2.99071973173045,-0.478035800943,NA,3.46875553256289,NA,NA,0.592958683214944,0.031134118476895,NA,0.0979676069662213,0.216860632882204,NA,0.157273616826107,NA,NA,0.168810429447318,0.366036028512011,NA,0.280584100101891,NA,NA,0.28281919967697,0.628633727057499,0.0714972632801905,0.461146900436115,0.345639255213832,0.530079004125326,0.049734284502308,NA,NA,19.14,NA,0.454,43.424898876,NA,NA,42.9425964576303,NA,NA
"48",225,48,27.693945,"Bossiaea_bossiaeoides",1523,"Dong_2017","Fabaceae","Bossiaea","1","long","1","AM",-17.355,137.158,3.05185168826568,NA,6.18793238182024,NA,3.13608069348278,NA,1.77027947183278,NA,5.13076560000002,0.174037130289118,NA,0.0147488862910842,NA,0.212218158107925,NA,0.122055443840831,0.219421344292045,0.0147488862910842,0.19838411545101,0.212218158107925,NA,0.28281919967697,0.628633727057499,0.0714972632801905,0.461146900436115,0.345639255213832,0.530079004125326,NA,0.150060898689032,NA,17.6181598933333,491.9692344,NA,NA,27.04112147,NA,NA,26.7394924929331,NA
"49",225,49,27.693945,"Bossiaea_stephensonii",1612,"Gallagher_2018","Fabaceae","Bossiaea","1","long","1","AM",-33.53835,151.2827,2.90690105984738,-1.33180617583582,NA,4.23870723570943,NA,NA,NA,NA,NA,NA,NA,NA,NA,NA,NA,0.122055443840831,0.219421344292045,0.0147488862910842,0.19838411545101,0.212218158107925,NA,0.28281919967697,0.628633727057499,0.0714972632801905,0.461146900436115,0.345639255213832,0.530079004125326,NA,NA,NA,18.3,NA,0.264,69.31818182,NA,NA,69.31818182,NA,NA
"50",225,50,27.693946,"Bossiaea_heterophylla",1600,"Gallagher_2018","Fabaceae","Bossiaea","1","long","1","AM",-33.57912,150.36555,2.83907846350861,-1.8773173575897,NA,4.71639582125621,NA,NA,1.15470053837925,0.021548395145192,NA,0.104712041884817,0.192386160891974,NA,0.101704904334864,NA,NA,0.122055443840831,0.219421344292045,0.0147488862910842,0.19838411545101,0.212218158107925,NA,0.28281919967697,0.628633727057499,0.0714972632801905,0.461146900436115,0.345639255213832,0.530079004125326,0.0587193538956386,NA,NA,19.1,NA,0.194,99.7387359033333,NA,NA,99.3890810280907,NA,NA
"51",226,51,28.352121,"Daviesia_umbellulata",1841,"Schmidt_1997","Fabaceae","Daviesia","1","long","1",NA,-26.9,152.9,2.56494935746154,NA,NA,NA,NA,NA,NA,NA,NA,NA,NA,NA,NA,NA,NA,0.145676740015686,0.230065331396921,NA,0.277562660893082,NA,NA,0.28281919967697,0.628633727057499,0.0714972632801905,0.461146900436115,0.345639255213832,0.530079004125326,NA,NA,NA,13,NA,NA,NA,NA,NA,NA,NA,NA
"52",226,52,28.352121,"Daviesia_rhombifolia",1813,"Read_2005","Fabaceae","Daviesia","1","long","1",NA,-32.55399,117.335394,2.83907846350861,-1.38629436111989,NA,4.2253728246285,NA,NA,1.12133848591761,0.0227156333832011,NA,0.156907952459228,0.235156020355561,NA,0.231808737545496,NA,NA,0.145676740015686,0.230065331396921,NA,0.277562660893082,NA,NA,0.28281919967697,0.628633727057499,0.0714972632801905,0.461146900436115,0.345639255213832,0.530079004125326,0.103668018986027,NA,NA,15.98,NA,0.216,77.039084256,NA,NA,75.2902463371937,NA,NA
"53",226,53,28.352121,"Daviesia_incrassata",1828,"Read_2005","Fabaceae","Daviesia","1","long","1",NA,-32.55399,117.335394,2.65324196460721,-1.20397280432594,NA,3.85721476886273,NA,NA,0.912359578236564,0.0254165300542777,NA,0.139924419537722,0.232922495711194,NA,0.300730515022766,NA,NA,0.145676740015686,0.230065331396921,NA,0.277562660893082,NA,NA,0.28281919967697,0.628633727057499,0.0714972632801905,0.461146900436115,0.345639255213832,0.530079004125326,0.134490774899885,NA,NA,14.58,NA,0.244,62.96680672,NA,NA,60.6621703518834,NA,NA
"54",226,54,28.352122,"Daviesia_genistifolia",1547,"Dong_2017","Fabaceae","Daviesia","1","long","1",NA,-32.829,138.033,2.81892122538053,NA,6.17681877196202,NA,3.35789754656501,NA,NA,NA,NA,NA,NA,NA,NA,NA,NA,0.145676740015686,0.230065331396921,NA,0.277562660893082,NA,NA,0.28281919967697,0.628633727057499,0.0714972632801905,0.461146900436115,0.345639255213832,0.530079004125326,NA,NA,NA,16.75876199,481.4578902,NA,NA,28.72872653,NA,NA,28.72872653,NA
"55",229,55,9.294261,"Crotalaria_eremaea",1530,"Dong_2017","Fabaceae","Crotalaria","0","long","1","AM",-25.755,136.545,4.07156364165025,NA,6.07206261484826,NA,2.00049897321452,NA,NA,NA,NA,NA,NA,NA,NA,NA,NA,0.440235689235936,NA,0.0136094530364107,NA,0.511602418548442,NA,0.28281919967697,0.628633727057499,0.0714972632801905,0.461146900436115,0.345639255213832,0.530079004125326,NA,NA,NA,58.64859632,433.5740562,NA,NA,7.39274396,NA,NA,7.39274396,NA
"56",229,56,9.294262,"Crotalaria_novae-hollandiae",1920,"Schmidt_2003","Fabaceae","Crotalaria","1","long","1","AM",-12.65,132.9166667,3.36729582998647,NA,NA,NA,NA,NA,0,NA,NA,0,NA,NA,NA,NA,NA,0.440235689235936,NA,0.0136094530364107,NA,0.511602418548442,NA,0.28281919967697,0.628633727057499,0.0714972632801905,0.461146900436115,0.345639255213832,0.530079004125326,NA,NA,NA,29,442,NA,NA,15.24137931,NA,NA,15.24137931,NA
"57",230,57,15.477901,"Templetonia_aculeata",1546,"Dong_2017","Fabaceae","Templetonia","1","long","1","AM",-32.321,137.954,2.51926252876918,NA,6.21258342234819,NA,3.6933208935533,NA,2.94373739,NA,22.6265703,0.270977466261265,NA,0.0671732732870867,NA,0.341592607801767,NA,0.1678877367341,0.293915714019087,0.0671732732870867,0.269050467121459,0.341592607801767,NA,0.28281919967697,0.628633727057499,0.0714972632801905,0.461146900436115,0.345639255213832,0.530079004125326,NA,0.241542449379826,NA,15.3631717,476.3621158,NA,NA,32.48149367,NA,NA,31.5564638431797,NA
"58",230,58,15.477902,"Templetonia_retusa",1637,"Guilherme_Pereira_2019","Fabaceae","Templetonia","1","long","1","AM",-30.407139,115.081852,2.55800220485855,NA,NA,NA,NA,NA,0.860890276270895,0.112410141891201,NA,0.150023646060499,0.293915714019087,NA,0.269050467121459,NA,NA,0.1678877367341,0.293915714019087,0.0671732732870867,0.269050467121459,0.341592607801767,NA,0.28281919967697,0.628633727057499,0.0714972632801905,0.461146900436115,0.345639255213832,0.530079004125326,0.120323026772331,NA,NA,18.1463,NA,0.8552,23.985584042,NA,NA,23.2510487305083,NA,NA
"59",227,59,59.20721,"Castanospermum_australe",2167,"Sendall_2016","Fabaceae","Castanospermum","1","long","0","AM",-28.63,153.36,3.26346670819608,0.248421358498478,NA,3.01504534966699,NA,NA,0.61015676724961,0.158492745144738,6.25905911207652,0.136149748326926,0.486613103656268,0.0390278188281152,0.527225086800439,0.177472784681192,0.378722984941025,0.136149748326926,0.486613103656268,0.0390278188281152,0.527225086800439,0.177472784681192,0.378722984941025,0.28281919967697,0.628633727057499,0.0714972632801905,0.461146900436115,0.345639255213832,0.530079004125326,0.107619370187971,0.0591575948937306,0.189361492470513,26.8890736008333,481.122899,1.59562638416667,20.7716388922083,20.5718566822222,192.593087675,18.6150193812278,20.2816772304971,182.470992468465
"60",247,60,9.671767,"Acacia_torulosa",1904,"Schmidt_2003","Fabaceae","Acacia","1","long","1","EcM-AM",-12.65,132.9166667,2.99573227355399,NA,6.21580737899767,NA,3.22007510544368,NA,1.0295630140987,NA,7.72017558810104,0.118340576333184,NA,0.0272874015956954,NA,0.138635408732874,NA,0.252160542648295,0.522228321372748,0.0709151008851098,0.405503326929295,0.302133620844829,0.462796691415668,0.28281919967697,0.628633727057499,0.0714972632801905,0.461146900436115,0.345639255213832,0.530079004125326,NA,0.0800411905511388,NA,17.4,490.033333333333,NA,NA,28.6459477133333,NA,NA,28.4616577244815,NA
"61",247,61,9.671767,"Acacia_mountfordiae",1891,"Schmidt_2003","Fabaceae","Acacia","1","long","1","EcM-AM",-12.65,132.9166667,2.63905732961526,NA,6.19195340785739,NA,3.55289607811938,NA,0.411298755975102,NA,10.3098658251858,0.0585478656192316,NA,0.0356005012528703,NA,0.0498692703527854,NA,0.252160542648295,0.522228321372748,0.0709151008851098,0.405503326929295,0.302133620844829,0.462796691415668,0.28281919967697,0.628633727057499,0.0714972632801905,0.461146900436115,0.345639255213832,0.530079004125326,NA,0.0287920366624709,NA,14.05,501.6,NA,NA,35.9047619033333,NA,NA,35.8747321628757,NA
"62",247,62,9.671767,"Acacia_mimula",1982,"Schulze_1998","Fabaceae","Acacia","1","long","1","EcM-AM",-12.692778,132.384722,3.06058324587361,NA,NA,NA,NA,NA,0.665003587891647,0.0375115255153034,1.86037263346303,0.182913788350833,0.347900725434172,0.0189026491423776,0.412282721966794,0.224800852432024,0.330344463764037,0.252160542648295,0.522228321372748,0.0709151008851098,0.405503326929295,0.302133620844829,0.462796691415668,0.28281919967697,0.628633727057499,0.0714972632801905,0.461146900436115,0.345639255213832,0.530079004125326,0.0899674657683461,0.0432629442218955,0.0720870719337283,21.5085714285714,511.398148148148,0.494104761904762,44.8043355233333,25.431821412963,1139.2196478619,41.9357946725855,24.7433052152042,1085.91845007385
"63",247,63,9.671767,"Acacia_hemignosta",1525,"Dong_2017","Fabaceae","Acacia","1","long","1","EcM-AM",-14.126,134.387,2.79570920272662,NA,6.23344175367145,NA,3.43773255094277,NA,NA,NA,NA,NA,NA,NA,NA,NA,NA,0.252160542648295,0.522228321372748,0.0709151008851098,0.405503326929295,0.302133620844829,0.462796691415668,0.28281919967697,0.628633727057499,0.0714972632801905,0.461146900436115,0.345639255213832,0.530079004125326,NA,NA,NA,16.37423729,509.5060636,NA,NA,31.11632344,NA,NA,31.11632344,NA
"64",247,64,9.671767,"Acacia_filamentosa",2145,"Schulze_2014","Fabaceae","Acacia","1","long","1","EcM-AM",-15.9891667,126.9775,2.77365065818616,NA,6.21184829366197,NA,3.43819763558614,NA,NA,NA,NA,NA,NA,NA,NA,NA,NA,0.252160542648295,0.522228321372748,0.0709151008851098,0.405503326929295,0.302133620844829,0.462796691415668,0.28281919967697,0.628633727057499,0.0714972632801905,0.461146900436115,0.345639255213832,0.530079004125326,NA,NA,NA,16.017,498.622,NA,NA,31.13079853,NA,NA,31.13079853,NA
"65",247,65,9.671767,"Acacia_oligoneura",2133,"Schulze_2014","Fabaceae","Acacia","1","long","1","EcM-AM",-16.0275,125.2313889,3.02174109273504,NA,6.25738402277764,NA,3.2356429300174,NA,0.288499999999999,NA,6.36649999999997,0.0196008077031364,NA,0.0174662345397655,NA,0.0370691857227737,NA,0.252160542648295,0.522228321372748,0.0709151008851098,0.405503326929295,0.302133620844829,0.462796691415668,0.28281919967697,0.628633727057499,0.0714972632801905,0.461146900436115,0.345639255213832,0.530079004125326,NA,0.0262118725976368,NA,20.8155,515.4855,0.756,27.91534392,24.77350039,673.4378307,27.91534392,24.764992357016,673.4378307
"66",247,66,9.671767,"Acacia_leptocarpa",2141,"Schulze_2014","Fabaceae","Acacia","1","long","1","EcM-AM",-16.0469444,125.6641667,2.99842863510173,NA,6.17962734392692,NA,3.18119870877975,NA,1.83283031402255,NA,4.72751309887133,0.168229228514412,NA,0.0218480801698009,NA,0.175445804239263,NA,0.252160542648295,0.522228321372748,0.0709151008851098,0.405503326929295,0.302133620844829,0.462796691415668,0.28281919967697,0.628633727057499,0.0714972632801905,0.461146900436115,0.345639255213832,0.530079004125326,NA,0.0784617489292227,NA,24.3616,483.843,NA,NA,20.306580036,NA,NA,20.0690524988315,NA
"67",247,67,9.671767,"Acacia_seclusa",2129,"Schulze_2014","Fabaceae","Acacia","1","long","1","EcM-AM",-16.2672222,125.0525,2.10584001553437,-0.436955775199535,6.02243497389783,2.54279579084104,3.91659495830563,6.45939074905762,NA,NA,NA,NA,NA,NA,NA,NA,NA,0.252160542648295,0.522228321372748,0.0709151008851098,0.405503326929295,0.302133620844829,0.462796691415668,0.28281919967697,0.628633727057499,0.0714972632801905,0.461146900436115,0.345639255213832,0.530079004125326,NA,NA,NA,8.214,412.582,0.646,12.71517028,50.22912101,638.6718266,12.71517028,50.22912101,638.6718266
"68",247,68,9.671767,"Acacia_lamprocarpa",2122,"Schulze_2014","Fabaceae","Acacia","1","long","1","EcM-AM",-16.9055556,125.7611111,3.10821238463799,NA,6.26135808761114,NA,3.15314570296301,NA,2.3905,NA,NA,0.169114205290157,NA,NA,NA,NA,NA,0.252160542648295,0.522228321372748,0.0709151008851098,0.405503326929295,0.302133620844829,0.462796691415668,0.28281919967697,0.628633727057499,0.0714972632801905,0.461146900436115,0.345639255213832,0.530079004125326,NA,NA,NA,19.9905,523.93,NA,NA,23.40958849,NA,NA,23.40958849,NA
"69",247,69,9.671767,"Acacia_shirleyi",2210,"Soper_2014","Fabaceae","Acacia","1","long","1","EcM-AM",-17.3775,133.40972,3.06716882349184,NA,6.14766455420037,NA,3.08049573078077,NA,1.2495256133843,NA,8.43128325099468,0.208364065519048,NA,0.0478398187158036,NA,0.188420024320253,NA,0.252160542648295,0.522228321372748,0.0709151008851098,0.405503326929295,0.302133620844829,0.462796691415668,0.28281919967697,0.628633727057499,0.0714972632801905,0.461146900436115,0.345639255213832,0.530079004125326,NA,0.0712160751965904,NA,15.8661428571429,466.286857142857,NA,NA,30.3882076942857,NA,NA,29.9308331058893,NA
"70",247,70,9.671767,"Acacia_phlebocarpa",1520,"Dong_2017","Fabaceae","Acacia","1","long","1","EcM-AM",-17.896,137.101,3.08617707430105,NA,6.20328525509255,NA,3.11710818088786,NA,NA,NA,NA,NA,NA,NA,NA,NA,NA,0.252160542648295,0.522228321372748,0.0709151008851098,0.405503326929295,0.302133620844829,0.462796691415668,0.28281919967697,0.628633727057499,0.0714972632801905,0.461146900436115,0.345639255213832,0.530079004125326,NA,NA,NA,21.89322163,494.3705094,NA,NA,22.58098501,NA,NA,22.58098501,NA
"71",247,71,9.671767,"Acacia_stellaticeps",2110,"Schulze_2014","Fabaceae","Acacia","1","long","1","EcM-AM",-19.9727778,120.2205556,2.86391369893314,NA,6.22866483791192,NA,3.36475113914325,NA,NA,NA,NA,NA,NA,NA,NA,NA,NA,0.252160542648295,0.522228321372748,0.0709151008851098,0.405503326929295,0.302133620844829,0.462796691415668,0.28281919967697,0.628633727057499,0.0714972632801905,0.461146900436115,0.345639255213832,0.530079004125326,NA,NA,NA,17.53,507.078,NA,NA,28.92629778,NA,NA,28.92629778,NA
"72",247,72,9.671767,"Acacia_citriodora",2109,"Schulze_2014","Fabaceae","Acacia","1","long","1","EcM-AM",-19.9727778,120.2205556,2.75136508578815,NA,6.22486927204785,NA,3.47350418640159,NA,NA,NA,NA,NA,NA,NA,NA,NA,NA,0.252160542648295,0.522228321372748,0.0709151008851098,0.405503326929295,0.302133620844829,0.462796691415668,0.28281919967697,0.628633727057499,0.0714972632801905,0.461146900436115,0.345639255213832,0.530079004125326,NA,NA,NA,15.664,505.157,NA,NA,32.24955312,NA,NA,32.24955312,NA
"73",247,73,9.671767,"Acacia_startii",2099,"Schulze_2014","Fabaceae","Acacia","1","long","1","EcM-AM",-22.2541667,117.6697222,2.88970486890846,NA,6.23533578791245,NA,3.34563091905398,NA,NA,NA,NA,NA,NA,NA,NA,NA,NA,0.252160542648295,0.522228321372748,0.0709151008851098,0.405503326929295,0.302133620844829,0.462796691415668,0.28281919967697,0.628633727057499,0.0714972632801905,0.461146900436115,0.345639255213832,0.530079004125326,NA,NA,NA,17.988,510.472,NA,NA,28.37847454,NA,NA,28.37847454,NA
"74",247,74,9.671767,"Acacia_bivenosa",2100,"Schulze_2014","Fabaceae","Acacia","1","long","1","EcM-AM",-22.3213889,118.5436111,2.75639582203249,NA,6.12451050943028,NA,3.36811468738984,NA,0.283,NA,29.5245,0.0249733207382745,NA,0.0976937067156246,NA,0.122825469322753,NA,0.252160542648295,0.522228321372748,0.0709151008851098,0.405503326929295,0.302133620844829,0.462796691415668,0.28281919967697,0.628633727057499,0.0714972632801905,0.461146900436115,0.345639255213832,0.530079004125326,NA,0.0868507222605386,NA,16.026,427.3965,NA,NA,26.70980582,NA,NA,26.6093847876294,NA
"75",247,75,9.671767,"Acacia_xiphophylla",2091,"Schulze_2014","Fabaceae","Acacia","1","long","1","EcM-AM",-23.1333333,117.8,3.07846367115146,NA,6.11170899544565,NA,3.03324532419278,NA,NA,NA,NA,NA,NA,NA,NA,NA,NA,0.252160542648295,0.522228321372748,0.0709151008851098,0.405503326929295,0.302133620844829,0.462796691415668,0.28281919967697,0.628633727057499,0.0714972632801905,0.461146900436115,0.345639255213832,0.530079004125326,NA,NA,NA,21.725,451.109,NA,NA,20.76451093,NA,NA,20.76451093,NA
"76",247,76,9.671767,"Acacia_excelsa",1974,"Schmidt_2010","Fabaceae","Acacia","1","long","1","EcM-AM",-23.87,146.12,2.84595534823576,-0.790631012234762,6.1872142908874,3.63658636009326,3.3412589426601,6.97784530291051,1.29729192294307,0.0103085496034541,9.30967404250963,0.121879774505648,0.0402213723096071,0.0322028125291046,0.101019602340184,0.128657242238335,0.0714068765400955,0.252160542648295,0.522228321372748,0.0709151008851098,0.405503326929295,0.302133620844829,0.462796691415668,0.28281919967697,0.628633727057499,0.0714972632801905,0.461146900436115,0.345639255213832,0.530079004125326,0.058323694604534,0.0742802934394974,0.0412267793924145,18.436,500.727333333333,0.443916521,41.4985041766667,27.4286412433333,1130.149389,41.3560089771885,27.2803603397705,1128.20682729946
"77",247,77,9.671767,"Acacia_incurvaneura",2074,"Schulze_2014","Fabaceae","Acacia","1","long","1","EcM-AM",-24.0197222,117.2208333,2.76197004309164,NA,6.21295072573854,NA,3.45098068266663,NA,0.709694143823787,NA,1.6735860035,0.0714818846035139,NA,0.00584590726814867,NA,0.0784083389969979,NA,0.252160542648295,0.522228321372748,0.0709151008851098,0.405503326929295,0.302133620844829,0.462796691415668,0.28281919967697,0.628633727057499,0.0714972632801905,0.461146900436115,0.345639255213832,0.530079004125326,NA,0.0452690756266282,NA,17.1963333333333,495.857333333333,NA,NA,28.9448040866667,NA,NA,28.8849314141777,NA
"78",247,78,9.671767,"Acacia_chamaeleon",2076,"Schulze_2014","Fabaceae","Acacia","1","long","1","EcM-AM",-24.0197222,117.2208333,3.35039519473177,-0.707246104939447,6.26644314603496,4.0576412995895,2.91604795111113,6.97368925133711,NA,NA,NA,NA,NA,NA,NA,NA,NA,0.252160542648295,0.522228321372748,0.0709151008851098,0.405503326929295,0.302133620844829,0.462796691415668,0.28281919967697,0.628633727057499,0.0714972632801905,0.461146900436115,0.345639255213832,0.530079004125326,NA,NA,NA,28.514,526.601,0.493,57.83772819,18.46815599,1068.156187,57.83772819,18.46815599,1068.156187
"79",247,79,9.671767,"Acacia_cuthbertsonii",2059,"Schulze_2014","Fabaceae","Acacia","1","long","1","EcM-AM",-24.5336111,114.9822222,2.95251157109943,NA,6.26604808205035,NA,3.313536510888,NA,1.56000844014811,NA,8.96963925943762,0.163352510644628,NA,0.0305360379533264,NA,0.147228788721292,NA,0.252160542648295,0.522228321372748,0.0709151008851098,0.405503326929295,0.302133620844829,0.462796691415668,0.28281919967697,0.628633727057499,0.0714972632801905,0.461146900436115,0.345639255213832,0.530079004125326,NA,0.0850025808007006,NA,16.541,508.771666666667,NA,NA,31.2590939166667,NA,NA,31.030120841197,NA
"80",247,80,9.671767,"Acacia_pteraneura",2056,"Schulze_2014","Fabaceae","Acacia","1","long","1","EcM-AM",-24.9880556,114.8080556,2.83291918314808,NA,6.21795050634822,NA,3.38503132324669,NA,0.132999999999999,NA,8.08550000000002,0.0109814574845645,NA,0.0224314088478345,NA,0.011451611996108,NA,0.252160542648295,0.522228321372748,0.0709151008851098,0.405503326929295,0.302133620844829,0.462796691415668,0.28281919967697,0.628633727057499,0.0714972632801905,0.461146900436115,0.345639255213832,0.530079004125326,NA,0.0080975124979652,NA,17.128,509.7595,NA,NA,29.75989317,NA,NA,29.758917522893,NA
"81",247,81,9.671767,"Acacia_sibirica",1504,"Dong_2017","Fabaceae","Acacia","1","long","1","EcM-AM",-25.9,133.897,2.70958514846753,NA,6.19447899166139,NA,3.48489384316327,NA,3.940793105,NA,NA,0.293881646674673,NA,NA,NA,1.30084787030434,NA,0.252160542648295,0.522228321372748,0.0709151008851098,0.405503326929295,0.302133620844829,0.462796691415668,0.28281919967697,0.628633727057499,0.0714972632801905,0.461146900436115,0.345639255213832,0.530079004125326,NA,0.919838350384279,NA,18.963834995,490.0360656,NA,NA,18.900549623,NA,NA,13.0013798323501,NA
"82",247,82,9.671767,"Acacia_aptaneura",1539,"Dong_2017","Fabaceae","Acacia","1","long","1","EcM-AM",-26.278,134.999,2.89208029418312,NA,NA,NA,1.88994154845132,NA,1.87406387011299,NA,46.9901578154013,0.28584620126752,NA,0.231416319700911,NA,0.630317245003739,NA,0.252160542648295,0.522228321372748,0.0709151008851098,0.405503326929295,0.302133620844829,0.462796691415668,0.28281919967697,0.628633727057499,0.0714972632801905,0.461146900436115,0.345639255213832,0.530079004125326,NA,0.257325937722668,NA,16.0593361283333,454.04398136,NA,NA,26.1185230383333,NA,NA,23.1270093780136,NA
"83",247,83,9.671767,"Acacia_latipes_",2045,"Schulze_2014","Fabaceae","Acacia","1","long","1","EcM-AM",-27.6319444,114.54,2.81780106506133,NA,6.22352224906166,NA,3.40572118415375,NA,NA,NA,NA,NA,NA,NA,NA,NA,NA,0.252160542648295,0.522228321372748,0.0709151008851098,0.405503326929295,0.302133620844829,0.462796691415668,0.28281919967697,0.628633727057499,0.0714972632801905,0.461146900436115,0.345639255213832,0.530079004125326,NA,NA,NA,16.74,504.477,NA,NA,30.13602151,NA,NA,30.13602151,NA
"84",247,84,9.671767,"Acacia_signata",2041,"Schulze_2014","Fabaceae","Acacia","1","long","1","EcM-AM",-27.6319444,114.54,3.13039427679739,-0.599656837472606,6.20306371774642,3.730051114374,3.07266944079403,6.80272055524836,NA,NA,NA,NA,NA,NA,NA,NA,NA,0.252160542648295,0.522228321372748,0.0709151008851098,0.405503326929295,0.302133620844829,0.462796691415668,0.28281919967697,0.628633727057499,0.0714972632801905,0.461146900436115,0.345639255213832,0.530079004125326,NA,NA,NA,22.883,494.261,0.549,41.68123862,21.59948433,900.2932605,41.68123862,21.59948433,900.2932605
"85",247,85,9.671767,"Acacia_neurophylla",2046,"Schulze_2014","Fabaceae","Acacia","1","long","1","EcM-AM",-27.6319444,114.54,2.60276375677511,NA,6.2508570926973,NA,3.64809333603345,NA,NA,NA,NA,NA,NA,NA,NA,NA,NA,0.252160542648295,0.522228321372748,0.0709151008851098,0.405503326929295,0.302133620844829,0.462796691415668,0.28281919967697,0.628633727057499,0.0714972632801905,0.461146900436115,0.345639255213832,0.530079004125326,NA,NA,NA,13.501,518.457,NA,NA,38.40137768,NA,NA,38.40137768,NA
"86",247,86,9.671767,"Acacia_idiomorpha",2042,"Schulze_2014","Fabaceae","Acacia","1","long","1","EcM-AM",-27.6319444,114.54,2.78414667107351,NA,6.18863982251925,NA,3.40449315130863,NA,NA,NA,NA,NA,NA,NA,NA,NA,NA,0.252160542648295,0.522228321372748,0.0709151008851098,0.405503326929295,0.302133620844829,0.462796691415668,0.28281919967697,0.628633727057499,0.0714972632801905,0.461146900436115,0.345639255213832,0.530079004125326,NA,NA,NA,16.186,487.183,NA,NA,30.0990362,NA,NA,30.0990362,NA
"87",247,87,9.671767,"Acacia_sclerosperma",2033,"Schulze_2014","Fabaceae","Acacia","1","long","1","EcM-AM",-28.7094444,118.6205556,2.85359250639287,NA,6.23272106374912,NA,3.37912855736017,NA,0.353125567846151,NA,27.7095484926526,0.0425837284107508,NA,0.118907239224377,NA,0.129865352587555,NA,0.252160542648295,0.522228321372748,0.0709151008851098,0.405503326929295,0.302133620844829,0.462796691415668,0.28281919967697,0.628633727057499,0.0714972632801905,0.461146900436115,0.345639255213832,0.530079004125326,NA,0.0649326762937777,NA,16.585,466.07,NA,NA,28.148924185,NA,NA,27.9698011045471,NA
"88",247,88,9.671767,"Acacia_resinimarginea",2034,"Schulze_2014","Fabaceae","Acacia","1","long","1","EcM-AM",-28.7094444,118.6205556,3.30824109594079,NA,6.22046889037985,NA,2.91222779456672,NA,1.7115,NA,3.416,0.0944538257595579,NA,0.00954064545440746,NA,0.104135438331548,NA,0.252160542648295,0.522228321372748,0.0709151008851098,0.405503326929295,0.302133620844829,0.462796691415668,0.28281919967697,0.628633727057499,0.0714972632801905,0.461146900436115,0.345639255213832,0.530079004125326,NA,0.0736348746060711,NA,25.6255,506.355,NA,NA,19.85729151,NA,NA,19.8035788065434,NA
"89",247,89,9.671767,"Acacia_effusifolia",2021,"Schulze_2014","Fabaceae","Acacia","1","long","1","EcM-AM",-29.7230556,119.4891667,2.90826624777272,NA,6.28559019009812,NA,3.37732394238269,NA,0.618,NA,16.32,0.0461375696324011,NA,0.044345234970399,NA,0.0905137264506216,NA,0.252160542648295,0.522228321372748,0.0709151008851098,0.405503326929295,0.302133620844829,0.462796691415668,0.28281919967697,0.628633727057499,0.0714972632801905,0.461146900436115,0.345639255213832,0.530079004125326,NA,0.0640028697636987,NA,18.943,520.461,NA,NA,27.53252022,NA,NA,27.4762246520403,NA
"90",247,90,9.671767,"Acacia_lasiocarpa",1647,"Guilherme_Pereira_2019","Fabaceae","Acacia","1","long","1","EcM-AM",-30.1911676,115.0593393,3.00201251151114,NA,NA,NA,NA,NA,0.785870483391931,0.0463590336396263,NA,0.131786214584348,0.284472970882008,NA,0.346552966101627,NA,NA,0.252160542648295,0.522228321372748,0.0709151008851098,0.405503326929295,0.302133620844829,0.462796691415668,0.28281919967697,0.628633727057499,0.0714972632801905,0.461146900436115,0.345639255213832,0.530079004125326,0.154983198001484,NA,NA,17.8896666666667,NA,0.3644,51.129052794,NA,NA,48.7516272945918,NA,NA
"91",247,91,9.671767,"Acacia_spathulifolia",1732,"Hayes_2014","Fabaceae","Acacia","1","long","1","EcM-AM",-30.2352837,115.0706568,2.32672701837429,-1.0802778121074,5.97390585863688,3.40700482974399,3.64717884038751,7.05418367025698,0.397423977065416,0.0254747848963127,5.67929160569247,0.0814645537514758,0.183826467632027,0.0343298502271822,0.24408240020127,0.0640251824567945,0.194164891665743,0.252160542648295,0.522228321372748,0.0709151008851098,0.405503326929295,0.302133620844829,0.462796691415668,0.28281919967697,0.628633727057499,0.0714972632801905,0.461146900436115,0.345639255213832,0.530079004125326,0.10915696779227,0.0261381712846233,0.0868331793216968,11.9498102,405.22654315,0.309875675,39.396530328,34.051912855,1338.0426156,38.4505925624379,33.9923822776712,1317.6033099808
"92",247,92,9.671767,"Acacia_caesaneura",2166,"Schulze_2014","Fabaceae","Acacia","1","long","1","EcM-AM",-30.4305556,119.6338889,2.83097554793951,NA,6.30495690000958,NA,3.47398135202172,NA,0.200704038601896,NA,8.03709767266769,0.0205337529076817,NA,0.0258738255838601,NA,0.0438604951383202,NA,0.252160542648295,0.522228321372748,0.0709151008851098,0.405503326929295,0.302133620844829,0.462796691415668,0.28281919967697,0.628633727057499,0.0714972632801905,0.461146900436115,0.345639255213832,0.530079004125326,NA,0.0253228686748994,NA,16.9296666666667,538.021,NA,NA,31.79733269,NA,NA,31.7770889593619,NA
"93",247,93,9.671767,"Acacia_erinacea",2131,"Schulze_2014","Fabaceae","Acacia","1","long","1","EcM-AM",-30.9955556,119.4655556,2.64262239577975,NA,6.23635980542002,NA,3.59373740964907,NA,NA,NA,NA,NA,NA,NA,NA,NA,NA,0.252160542648295,0.522228321372748,0.0709151008851098,0.405503326929295,0.302133620844829,0.462796691415668,0.28281919967697,0.628633727057499,0.0714972632801905,0.461146900436115,0.345639255213832,0.530079004125326,NA,NA,NA,14.05,510.995,NA,NA,36.36975089,NA,NA,36.36975089,NA
"94",247,94,9.671767,"Acacia_acutata",2130,"Schulze_2014","Fabaceae","Acacia","1","long","1","EcM-AM",-30.9955556,119.4655556,2.20364834513402,NA,6.20962570689789,NA,4.00597736179185,NA,NA,NA,NA,NA,NA,NA,NA,NA,NA,0.252160542648295,0.522228321372748,0.0709151008851098,0.405503326929295,0.302133620844829,0.462796691415668,0.28281919967697,0.628633727057499,0.0714972632801905,0.461146900436115,0.345639255213832,0.530079004125326,NA,NA,NA,9.058,497.515,NA,NA,54.92548024,NA,NA,54.92548024,NA
"95",247,95,9.671767,"Acacia_divergens",2007,"Schulze_2014","Fabaceae","Acacia","1","long","1","EcM-AM",-31.014,115.33,3.11976242197084,NA,6.14056750861361,NA,3.02080508654196,NA,NA,NA,NA,NA,NA,NA,NA,NA,NA,0.252160542648295,0.522228321372748,0.0709151008851098,0.405503326929295,0.302133620844829,0.462796691415668,0.28281919967697,0.628633727057499,0.0714972632801905,0.461146900436115,0.345639255213832,0.530079004125326,NA,NA,NA,22.641,464.317,NA,NA,20.50779559,NA,NA,20.50779559,NA
"96",247,96,9.671767,"Acacia_merrallii",2106,"Schulze_2014","Fabaceae","Acacia","1","long","1","EcM-AM",-31.2136111,119.3455556,2.4721590769655,NA,6.20878920143093,NA,3.73663012438722,NA,NA,NA,NA,NA,NA,NA,NA,NA,NA,0.252160542648295,0.522228321372748,0.0709151008851098,0.405503326929295,0.302133620844829,0.462796691415668,0.28281919967697,0.628633727057499,0.0714972632801905,0.461146900436115,0.345639255213832,0.530079004125326,NA,NA,NA,11.848,497.099,NA,NA,41.95636394,NA,NA,41.95636394,NA
"97",247,97,9.671767,"Acacia_meisneri",1794,"Read_2005","Fabaceae","Acacia","1","long","1","EcM-AM",-32.55399,117.335394,3.02042488614436,-0.693147180559945,NA,3.71357206670431,NA,NA,0.459165910465197,0.0173205080756888,NA,0.0453497195521182,0.0679235610811325,NA,0.0356102717950643,NA,NA,0.252160542648295,0.522228321372748,0.0709151008851098,0.405503326929295,0.302133620844829,0.462796691415668,0.28281919967697,0.628633727057499,0.0714972632801905,0.461146900436115,0.345639255213832,0.530079004125326,0.0178051358975321,NA,NA,20.25,NA,0.51,39.7601190475,NA,NA,39.7413414064609,NA,NA
"98",247,98,9.671767,"Acacia_terminalis",1604,"Gallagher_2018","Fabaceae","Acacia","1","long","1","EcM-AM",-33.54299,150.34431,2.88480071284671,-1.20731170559145,NA,4.09211241850855,NA,NA,NA,NA,NA,NA,NA,NA,NA,NA,NA,0.252160542648295,0.522228321372748,0.0709151008851098,0.405503326929295,0.302133620844829,0.462796691415668,0.28281919967697,0.628633727057499,0.0714972632801905,0.461146900436115,0.345639255213832,0.530079004125326,NA,NA,NA,17.9,NA,0.299,59.86622074,NA,NA,59.86622074,NA,NA
"99",247,99,9.671767,"Acacia_ulicifolia",1599,"Gallagher_2018","Fabaceae","Acacia","1","long","1","EcM-AM",-33.57912,150.36555,2.58776403522771,-1.96611285637283,NA,4.55387689160054,NA,NA,NA,NA,NA,NA,NA,NA,NA,NA,NA,0.252160542648295,0.522228321372748,0.0709151008851098,0.405503326929295,0.302133620844829,0.462796691415668,0.28281919967697,0.628633727057499,0.0714972632801905,0.461146900436115,0.345639255213832,0.530079004125326,NA,NA,NA,13.3,NA,0.14,95,NA,NA,95,NA,NA
"100",247,100,9.671767,"Acacia_paradoxa",1542,"Dong_2017","Fabaceae","Acacia","1","long","1","EcM-AM",-34.609,138.861,3.31744562850355,NA,6.27378077726763,NA,2.95633514884111,NA,NA,NA,NA,NA,NA,NA,NA,NA,NA,0.252160542648295,0.522228321372748,0.0709151008851098,0.405503326929295,0.302133620844829,0.462796691415668,0.28281919967697,0.628633727057499,0.0714972632801905,0.461146900436115,0.345639255213832,0.530079004125326,NA,NA,NA,27.58978591,530.479215,NA,NA,19.227377,NA,NA,19.227377,NA
"101",247,101,9.671767,"Acacia_pycnantha",1558,"Dong_2017","Fabaceae","Acacia","1","long","1","EcM-AM",-34.933,138.727,3.2127777996483,NA,6.21312852759691,NA,3.00035072805533,NA,0.915648882840698,NA,8.09742692867535,0.0603264695565551,NA,0.0280033010441451,NA,0.0784547053549114,NA,0.252160542648295,0.522228321372748,0.0709151008851098,0.405503326929295,0.302133620844829,0.462796691415668,0.28281919967697,0.628633727057499,0.0714972632801905,0.461146900436115,0.345639255213832,0.530079004125326,NA,0.0452958452558509,NA,26.2894613033333,500.839341366667,NA,NA,19.1075039266667,NA,NA,19.068928666302,NA
"102",258,102,3.146451,"Acacia_concurrens",2235,"Westman_1977","Fabaceae","Acacia","1","long","1","EcM-AM",-27.5,153.5,3.04452243772342,-0.916290731874155,NA,3.96081316959758,NA,NA,1,0.2,NA,0.0642824346533225,0.471404520791032,NA,0.425802310468406,NA,NA,0.252160542648295,0.522228321372748,0.0709151008851098,0.405503326929295,0.302133620844829,0.462796691415668,0.28281919967697,0.628633727057499,0.0714972632801905,0.461146900436115,0.345639255213832,0.530079004125326,0.301087701177109,NA,NA,22,NA,0.6,40.625,NA,NA,38.8506756698001,NA,NA
"103",258,103,3.146451,"Acacia_elachantha",2113,"Schulze_2014","Fabaceae","Acacia","1","long","1","EcM-AM",-19.9727778,120.2205556,2.83327216585559,-1.02443289049386,6.21802624988066,3.85770505632827,3.3847540839347,7.24245914009149,NA,NA,NA,NA,NA,NA,NA,NA,NA,0.252160542648295,0.522228321372748,0.0709151008851098,0.405503326929295,0.302133620844829,0.462796691415668,0.28281919967697,0.628633727057499,0.0714972632801905,0.461146900436115,0.345639255213832,0.530079004125326,NA,NA,NA,17.001,501.712,0.359,47.35654596,29.51073466,1397.526462,47.35654596,29.51073466,1397.526462
"104",259,104,2.345722,"Acacia_hammondii",2123,"Schulze_2014","Fabaceae","Acacia","1","long","1","EcM-AM",-16.9055556,125.7611111,2.75556971707019,NA,6.21958170948794,NA,3.46401199240721,NA,0.28537594,NA,9.30513950000002,0.0251996909866463,NA,0.0257121967921371,NA,0.00051267194147337,NA,0.252160542648295,0.522228321372748,0.0709151008851098,0.405503326929295,0.302133620844829,0.462796691415668,0.28281919967697,0.628633727057499,0.0714972632801905,0.461146900436115,0.345639255213832,0.530079004125326,NA,0.000362513806339892,NA,16.01537594,511.7981395,NA,NA,31.95646705,NA,NA,31.9564649502004,NA
"105",259,105,2.345722,"Acacia_thomsonii",1515,"Dong_2017","Fabaceae","Acacia","1","long","1","EcM-AM",-18.906,137.069,2.82101214357204,NA,6.24936679097432,NA,3.42835464750603,NA,1.21111288428425,NA,5.48222871642492,0.145214499168838,NA,0.0183927624167838,NA,0.145509416979027,NA,0.252160542648295,0.522228321372748,0.0709151008851098,0.405503326929295,0.302133620844829,0.462796691415668,0.28281919967697,0.628633727057499,0.0714972632801905,0.461146900436115,0.345639255213832,0.530079004125326,NA,0.0840099010624667,NA,14.4455895333333,516.262781,NA,NA,36.2303864033333,NA,NA,35.978537516088,NA
"106",264,106,1.513377,"Acacia_celsa",1623,"Gray_2019","Fabaceae","Acacia","1","long","1","EcM-AM",-17.609964,145.766577,3.3178157727231,0.307484699747961,NA,3.01033107312007,NA,NA,NA,NA,NA,NA,NA,NA,NA,NA,NA,0.252160542648295,0.522228321372748,0.0709151008851098,0.405503326929295,0.302133620844829,0.462796691415668,0.28281919967697,0.628633727057499,0.0714972632801905,0.461146900436115,0.345639255213832,0.530079004125326,NA,NA,NA,27.6,NA,1.36,20.29411765,NA,NA,20.29411765,NA,NA
"107",264,107,1.513377,"Acacia_aulacocarpa",1742,"Kanowski_2000","Fabaceae","Acacia","1","long","1","EcM-AM",-17.78676,145.55958,3.1925318495286,-0.23616040414354,NA,3.42869225352221,NA,NA,1.07326994784741,0.0836342331888224,6.08677053208054,0.172436598108268,0.278915248785423,0.0310538463975675,0.209619891310282,0.191287270550735,0.294718214648146,0.252160542648295,0.522228321372748,0.0709151008851098,0.405503326929295,0.302133620844829,0.462796691415668,0.28281919967697,0.628633727057499,0.0714972632801905,0.461146900436115,0.345639255213832,0.530079004125326,0.0605120503377458,0.0722997924070819,0.147359107324073,24.106,518.585714285714,1.0387294475,25.893804585,24.6321376071429,563.6275164,25.3749518024296,24.2714984891249,546.449636338322
"108",263,108,4.038961,"Acacia_nuperrima",2142,"Schulze_2014","Fabaceae","Acacia","1","long","1","EcM-AM",-16.0469444,125.6641667,3.11115697496941,NA,6.19125349030447,NA,3.08009651547109,NA,1.97293236354192,NA,5.79940555382857,0.184488505626524,NA,0.0201229867352676,NA,0.19657655587815,NA,0.252160542648295,0.522228321372748,0.0709151008851098,0.405503326929295,0.302133620844829,0.462796691415668,0.28281919967697,0.628633727057499,0.0714972632801905,0.461146900436115,0.345639255213832,0.530079004125326,NA,0.113493527452619,NA,18.5226666666667,499.173666666667,NA,NA,27.5768894833333,NA,NA,27.2369347605002,NA
"109",262,109,4.042464,"Acacia_translucens",2124,"Schulze_2014","Fabaceae","Acacia","1","long","1","EcM-AM",-16.9055556,125.7611111,2.74200064047176,NA,6.2390294547137,NA,3.49702881437845,NA,NA,NA,NA,NA,NA,NA,NA,NA,NA,0.252160542648295,0.522228321372748,0.0709151008851098,0.405503326929295,0.302133620844829,0.462796691415668,0.28281919967697,0.628633727057499,0.0714972632801905,0.461146900436115,0.345639255213832,0.530079004125326,NA,NA,NA,15.518,512.361,NA,NA,33.01720583,NA,NA,33.01720583,NA
"110",265,110,4.066906,"Acacia_ancistrocarpa",2104,"Schulze_2014","Fabaceae","Acacia","1","long","1","EcM-AM",-22.3213889,118.5436111,3.08762753825825,NA,6.21755774393752,NA,3.12993020549182,NA,0.759,NA,2.72699999999998,0.050712845782915,NA,0.00773245189893012,NA,0.0430020708661097,NA,0.252160542648295,0.522228321372748,0.0709151008851098,0.405503326929295,0.302133620844829,0.462796691415668,0.28281919967697,0.628633727057499,0.0714972632801905,0.461146900436115,0.345639255213832,0.530079004125326,NA,0.0304070559144907,NA,21.166,498.75,NA,NA,23.589447795,NA,NA,23.5785467220713,NA
"111",265,111,4.066906,"Acacia_oncinocarpa",1486,"Dong_2017","Fabaceae","Acacia","1","long","1","EcM-AM",-13.158,130.778,3.25846545611668,NA,6.23112618555642,NA,2.97266072954667,NA,0.822544872833558,NA,5.29397010103911,0.0770655341538537,NA,0.0257319602891155,NA,0.0846232449753345,NA,0.252160542648295,0.522228321372748,0.0709151008851098,0.405503326929295,0.302133620844829,0.462796691415668,0.28281919967697,0.628633727057499,0.0714972632801905,0.461146900436115,0.345639255213832,0.530079004125326,NA,0.034547295094685,NA,30.188699205,503.946272083333,NA,NA,16.8089144433333,NA,NA,16.7575923776436,NA
"112",260,112,4.429508,"Acacia_dimidiata",1529,"Dong_2017","Fabaceae","Acacia","1","long","1","EcM-AM",-14.674,133.845,3.20558754180994,NA,6.21901112346512,NA,3.01342358142622,NA,2.00252827339924,NA,5.60577101009046,0.279827299496722,NA,0.0239918509577512,NA,0.313478019740364,NA,0.252160542648295,0.522228321372748,0.0709151008851098,0.405503326929295,0.302133620844829,0.462796691415668,0.28281919967697,0.628633727057499,0.0714972632801905,0.461146900436115,0.345639255213832,0.530079004125326,NA,0.140191632318295,NA,20.24107475125,522.46427618,NA,NA,28.562074196,NA,NA,27.468493570994,NA
"113",255,113,4.524718,"Acacia_holosericea",2098,"Schulze_2014","Fabaceae","Acacia","1","long","1","EcM-AM",-22.2541667,117.6697222,2.76707354155167,NA,6.27290530803247,NA,3.50583176655083,NA,0.647210125981194,NA,4.56376353389678,0.168990129065444,NA,0.0501026346762533,NA,0.202337027754498,NA,0.252160542648295,0.522228321372748,0.0709151008851098,0.405503326929295,0.302133620844829,0.462796691415668,0.28281919967697,0.628633727057499,0.0714972632801905,0.461146900436115,0.345639255213832,0.530079004125326,NA,0.0369415181065625,NA,21.6650130496875,498.91113527,NA,NA,23.830508017,NA,NA,23.3292443139993,NA
"114",268,114,1.547337,"Acacia_coolgardiensis",2038,"Schulze_2014","Fabaceae","Acacia","1","long","1","EcM-AM",-28.4652778,115.9163889,2.73495175429972,-0.926341067727656,6.256247039151,3.66129282198584,3.52129528498082,7.18258810683262,2.8345,NA,6.406,0.219726935212352,NA,0.0175961916907584,NA,0.23911816050239,NA,0.252160542648295,0.522228321372748,0.0709151008851098,0.405503326929295,0.302133620844829,0.462796691415668,0.28281919967697,0.628633727057499,0.0714972632801905,0.461146900436115,0.345639255213832,0.530079004125326,NA,0.169082072796094,NA,18.2435,514.853,0.396,38.91161616,28.975191285,1316.310606,38.91161616,28.5658861002804,1316.310606
"115",268,115,1.547337,"Acacia_ramulosa",2024,"Schulze_2014","Fabaceae","Acacia","1","long","1","EcM-AM",-29.6744444,119.3661111,2.69692184331437,NA,6.22977253494196,NA,3.53285069166806,NA,2.04688831155977,NA,2.77012341963315,0.254820361604613,NA,0.0121872928376578,NA,0.244580450104494,NA,0.252160542648295,0.522228321372748,0.0709151008851098,0.405503326929295,0.302133620844829,0.462796691415668,0.28281919967697,0.628633727057499,0.0714972632801905,0.461146900436115,0.345639255213832,0.530079004125326,NA,0.109379702480229,NA,17.9616,508.2494,NA,NA,29.678294362,NA,NA,28.9977764533401,NA
"116",269,116,0.465951,"Acacia_rhodophloia",2075,"Schulze_2014","Fabaceae","Acacia","1","long","1","EcM-AM",-24.0197222,117.2208333,2.76858070084224,NA,6.21396188967429,NA,3.44538118871293,NA,NA,NA,NA,NA,NA,NA,NA,NA,NA,0.252160542648295,0.522228321372748,0.0709151008851098,0.405503326929295,0.302133620844829,0.462796691415668,0.28281919967697,0.628633727057499,0.0714972632801905,0.461146900436115,0.345639255213832,0.530079004125326,NA,NA,NA,15.936,499.677,NA,NA,31.35523343,NA,NA,31.35523343,NA
"117",269,117,0.465951,"Acacia_kempeana",2072,"Schulze_2014","Fabaceae","Acacia","1","long","1","EcM-AM",-24.2772222,116.9594444,2.5077275931987,NA,6.22710567733215,NA,3.71937808423906,NA,1.66749746503935,NA,6.84961959441997,0.209241180932374,NA,0.0311639295636323,NA,0.249841145527631,NA,0.252160542648295,0.522228321372748,0.0709151008851098,0.405503326929295,0.302133620844829,0.462796691415668,0.28281919967697,0.628633727057499,0.0714972632801905,0.461146900436115,0.345639255213832,0.530079004125326,NA,0.11173235699524,NA,17.819808068,491.4725212,NA,NA,28.841713758,NA,NA,28.1028569790578,NA
"118",266,118,3.897131,"Acacia_hemiteles",1389,"Bloomfield_2018","Fabaceae","Acacia","1","long","1","EcM-AM",-30.191,120.654,3.26461371654205,-0.45886588483528,NA,3.72347960142319,NA,NA,1.22598356831366,0.0567935997783073,NA,0.205764525451697,0.347578990890185,NA,0.183450784794594,NA,NA,0.252160542648295,0.522228321372748,0.0709151008851098,0.405503326929295,0.302133620844829,0.462796691415668,0.28281919967697,0.628633727057499,0.0714972632801905,0.461146900436115,0.345639255213832,0.530079004125326,0.0444933507535627,NA,NA,24.5662352941176,517.141,0.673705882352941,38.3638128558824,32.4002882,1299.349246,37.7864158416523,32.4002882,1299.349246
"119",271,119,4.69036,"Acacia_olgana",2006,"Schulze_1998","Fabaceae","Acacia","1","long","1","EcM-AM",-25.345556,131.032222,2.97807733831527,NA,NA,NA,NA,NA,NA,NA,NA,NA,NA,NA,NA,NA,NA,0.252160542648295,0.522228321372748,0.0709151008851098,0.405503326929295,0.302133620844829,0.462796691415668,0.28281919967697,0.628633727057499,0.0714972632801905,0.461146900436115,0.345639255213832,0.530079004125326,NA,NA,NA,19.65,NA,NA,NA,NA,NA,NA,NA,NA
"120",271,120,4.69036,"Acacia_acuminata",1789,"Read_2005","Fabaceae","Acacia","1","long","1","EcM-AM",-32.55399,117.335394,3.19458313229916,-0.385662480811985,NA,3.58024561307835,NA,NA,0.509039291214342,0.0311448230047949,NA,0.0493210918279795,0.0994884876941722,NA,0.119481363529856,NA,NA,0.252160542648295,0.522228321372748,0.0709151008851098,0.405503326929295,0.302133620844829,0.462796691415668,0.28281919967697,0.628633727057499,0.0714972632801905,0.461146900436115,0.345639255213832,0.530079004125326,0.0534336901794246,NA,NA,25.281,511.934,0.7,36.468026296,20.40715937,NA,36.2638425916915,20.40715937,NA
"121",270,121,5.044716,"Acacia_auriculiformis",1772,"Prior_2003","Fabaceae","Acacia","1","long","1","EcM-AM",-12.7,131,2.97552956623647,-0.371063681390832,NA,3.34659324757628,NA,NA,0.719518017214046,0.108928145624035,7.31228454322392,0.152866093694798,0.353478374885414,0.0414319584041364,0.241422830433215,0.210331544788335,NA,0.252160542648295,0.522228321372748,0.0709151008851098,0.405503326929295,0.302133620844829,0.462796691415668,0.28281919967697,0.628633727057499,0.0714972632801905,0.461146900436115,0.345639255213832,0.530079004125326,0.0696927680695691,0.0743634308086369,NA,22.0770909090909,499.18625,1.0675,22.5451809241667,23.8927372975,NA,22.0075344730424,23.3782678045969,NA
"122",277,122,2.541775,"Acacia_monticola",2111,"Schulze_2014","Fabaceae","Acacia","1","long","1","EcM-AM",-19.9727778,120.2205556,2.97102966091362,NA,6.20195640216476,NA,3.23092674121339,NA,1.25392401860896,NA,6.4966382332198,0.104367847109276,NA,0.022792242840944,NA,0.121721084118186,NA,0.252160542648295,0.522228321372748,0.0709151008851098,0.405503326929295,0.302133620844829,0.462796691415668,0.28281919967697,0.628633727057499,0.0714972632801905,0.461146900436115,0.345639255213832,0.530079004125326,NA,0.0702757006816879,NA,20.8096666666667,493.699,NA,NA,23.9186616533333,NA,NA,23.8036475865712,NA
"123",278,123,1.259665,"Acacia_trachycarpa",2082,"Schulze_2014","Fabaceae","Acacia","1","long","1","EcM-AM",-24.0108333,117.2630556,2.57039603580341,NA,6.18504333616289,NA,3.61464730036538,NA,NA,NA,NA,NA,NA,NA,NA,NA,NA,0.252160542648295,0.522228321372748,0.0709151008851098,0.405503326929295,0.302133620844829,0.462796691415668,0.28281919967697,0.628633727057499,0.0714972632801905,0.461146900436115,0.345639255213832,0.530079004125326,NA,NA,NA,13.071,485.434,NA,NA,37.13824497,NA,NA,37.13824497,NA
"124",278,124,1.259665,"Acacia_lysiphloia",2160,"Schulze_2014","Fabaceae","Acacia","1","long","1","EcM-AM",-17.3991667,128.2830556,2.74656553733054,NA,6.19301667217872,NA,3.44645113469758,NA,0.599153842122883,NA,3.66804887151324,0.0978068842893711,NA,0.0202221370199958,NA,0.090423609203253,NA,0.252160542648295,0.522228321372748,0.0709151008851098,0.405503326929295,0.302133620844829,0.462796691415668,0.28281919967697,0.628633727057499,0.0714972632801905,0.461146900436115,0.345639255213832,0.530079004125326,NA,0.0341769118000999,NA,16.2075714285714,479.907,NA,NA,29.83907646,NA,NA,29.7331914694641,NA
"125",279,125,2.89827,"Acacia_plectocarpa",1902,"Schmidt_2003","Fabaceae","Acacia","1","long","1","EcM-AM",-12.65,132.9166667,3.04452243772342,NA,NA,NA,NA,NA,0,NA,NA,0,NA,NA,NA,NA,NA,0.252160542648295,0.522228321372748,0.0709151008851098,0.405503326929295,0.302133620844829,0.462796691415668,0.28281919967697,0.628633727057499,0.0714972632801905,0.461146900436115,0.345639255213832,0.530079004125326,NA,NA,NA,21,509,NA,NA,24.23809524,NA,NA,24.23809524,NA
"126",279,126,2.89827,"Acacia_difficilis",2117,"Schulze_2014","Fabaceae","Acacia","1","long","1","EcM-AM",-17.6461111,123.1544444,3.27203737298243,NA,6.23607992007332,NA,2.9640425469199,NA,2.02029181060559,NA,3.86864908951144,0.149969916516701,NA,0.0133075134875609,NA,0.149223891190914,NA,0.252160542648295,0.522228321372748,0.0709151008851098,0.405503326929295,0.302133620844829,0.462796691415668,0.28281919967697,0.628633727057499,0.0714972632801905,0.461146900436115,0.345639255213832,0.530079004125326,NA,0.0861544537485976,NA,19.6616896551724,482.199217391304,0.77575625,27.211291155,26.5019055769565,667.70596914375,26.3513184781778,25.3101961483567,633.610980943708
"127",275,127,4.431379,"Acacia_alleniana",1847,"Schmidt_2003","Fabaceae","Acacia","1","long","1","EcM-AM",-12.65,132.9166667,2.484906649788,NA,6.31119019626844,NA,3.82628354655307,NA,0.0499999999999998,NA,NA,0.00586810606793813,NA,NA,NA,NA,NA,0.252160542648295,0.522228321372748,0.0709151008851098,0.405503326929295,0.302133620844829,0.462796691415668,0.28281919967697,0.628633727057499,0.0714972632801905,0.461146900436115,0.345639255213832,0.530079004125326,NA,NA,NA,12.05,550.7,NA,NA,45.89166667,NA,NA,45.89166667,NA
"128",274,128,4.701105,"Acacia_multispicata",2013,"Schulze_2014","Fabaceae","Acacia","1","long","1","EcM-AM",-30.0063889,119.7886111,2.68988623047454,NA,6.27360315792876,NA,3.5837169274661,NA,NA,NA,NA,NA,NA,NA,NA,NA,NA,0.252160542648295,0.522228321372748,0.0709151008851098,0.405503326929295,0.302133620844829,0.462796691415668,0.28281919967697,0.628633727057499,0.0714972632801905,0.461146900436115,0.345639255213832,0.530079004125326,NA,NA,NA,14.73,530.385,NA,NA,36.00712831,NA,NA,36.00712831,NA
"129",281,129,2.890424,"Acacia_doratoxylon",1626,"Grootemaat_2017_2","Fabaceae","Acacia","1","long","1","EcM-AM",-32.9666667,146.1547222,3.08885524042378,-0.195692259575763,6.25462677408023,3.28454749986936,3.16577153372076,6.4503190335923,0.58305949072627,0.0354250175190081,4.9924319393395,0.0480838437160886,0.0812248363983678,0.0169400642950238,0.0363691970657523,0.0371170019713198,0.0654528142825706,0.252160542648295,0.522228321372748,0.0709151008851098,0.405503326929295,0.302133620844829,0.462796691415668,0.28281919967697,0.628633727057499,0.0714972632801905,0.461146900436115,0.345639255213832,0.530079004125326,0.0209977657161226,0.0214295110796533,0.0377891999452607,21.0026608466667,510.455310066667,0.75540848,27.85403019,24.3321080033333,678.102733033333,27.8418390703222,24.3208629483826,677.137552252801
"130",281,130,2.890424,"Acacia_delibrata",2137,"Schulze_2014","Fabaceae","Acacia","1","long","1","EcM-AM",-16.0275,125.2313889,2.95870515271691,NA,6.20070996524181,NA,3.24200481251204,NA,0.436,NA,7.732,0.0327332968728921,NA,0.0218331118965654,NA,0.054573990830271,NA,0.252160542648295,0.522228321372748,0.0709151008851098,0.405503326929295,0.302133620844829,0.462796691415668,0.28281919967697,0.628633727057499,0.0714972632801905,0.461146900436115,0.345639255213832,0.530079004125326,NA,0.0385896389924971,NA,18.837,500.831,NA,NA,26.61137742,NA,NA,26.5915754044451,NA
"131",280,131,3.599851,"Acacia_hemsleyi",1524,"Dong_2017","Fabaceae","Acacia","1","long","1","EcM-AM",-17.355,137.158,3.01078214447347,NA,6.19864060501367,NA,3.18785846040575,NA,NA,NA,NA,NA,NA,NA,NA,NA,NA,0.252160542648295,0.522228321372748,0.0709151008851098,0.405503326929295,0.302133620844829,0.462796691415668,0.28281919967697,0.628633727057499,0.0714972632801905,0.461146900436115,0.345639255213832,0.530079004125326,NA,NA,NA,20.30327381,492.0796556,NA,NA,24.23646847,NA,NA,24.23646847,NA
"132",272,132,5.170986,"Acacia_eriopoda",2161,"Schulze_2014","Fabaceae","Acacia","1","long","1","EcM-AM",-17.3991667,128.2830556,3.10955190975345,NA,6.19759417906293,NA,3.08804226912122,NA,NA,NA,NA,NA,NA,NA,NA,NA,NA,0.252160542648295,0.522228321372748,0.0709151008851098,0.405503326929295,0.302133620844829,0.462796691415668,0.28281919967697,0.628633727057499,0.0714972632801905,0.461146900436115,0.345639255213832,0.530079004125326,NA,NA,NA,22.411,491.565,NA,NA,21.93409486,NA,NA,21.93409486,NA
"133",283,133,4.768249,"Acacia_oswaldii",1549,"Dong_2017","Fabaceae","Acacia","1","long","1","EcM-AM",-32.829,138.033,2.89375553423996,NA,6.20148431081547,NA,3.30772877648455,NA,1.36453265388085,NA,11.2889322767909,0.129416069754326,NA,0.0379528742872583,NA,0.142919510713408,NA,0.252160542648295,0.522228321372748,0.0709151008851098,0.405503326929295,0.302133620844829,0.462796691415668,0.28281919967697,0.628633727057499,0.0714972632801905,0.461146900436115,0.345639255213832,0.530079004125326,NA,0.0825146179828358,NA,18.2623370466667,515.191658966667,NA,NA,28.5510888633333,NA,NA,28.3543628774714,NA
"134",283,134,4.768249,"Acacia_havilandiorum",1628,"Grootemaat_2017_2","Fabaceae","Acacia","1","long","1","EcM-AM",-32.9763889,146.1458333,2.68496604298845,-0.982010563817999,6.18335987397225,3.66697660671369,3.49839383103791,7.16537043812581,NA,NA,NA,NA,NA,NA,NA,NA,NA,0.252160542648295,0.522228321372748,0.0709151008851098,0.405503326929295,0.302133620844829,0.462796691415668,0.28281919967697,0.628633727057499,0.0714972632801905,0.461146900436115,0.345639255213832,0.530079004125326,NA,NA,NA,14.65770364,484.6174777,0.37455727,39.13341113,33.06230564,1293.8408,39.13341113,33.06230564,1293.8408
"135",282,135,5.889465,"Acacia_sibina",2009,"Schulze_2014","Fabaceae","Acacia","1","long","1","EcM-AM",-30.2625,119.7813889,2.6154962194916,-1.2801341652915,6.20297064517807,3.89563038478895,3.58747442574709,7.48310481071643,NA,NA,NA,NA,NA,NA,NA,NA,NA,0.252160542648295,0.522228321372748,0.0709151008851098,0.405503326929295,0.302133620844829,0.462796691415668,0.28281919967697,0.628633727057499,0.0714972632801905,0.461146900436115,0.345639255213832,0.530079004125326,NA,NA,NA,13.674,494.215,0.278,49.18705036,36.14267954,1777.751799,49.18705036,36.14267954,1777.751799
"136",250,136,6.303784,"Acacia_citrinoviridis",2068,"Schulze_2014","Fabaceae","Acacia","1","long","1","EcM-AM",-23.9572222,115.1266667,2.69205631134786,NA,6.22551836442975,NA,3.53346205308403,NA,NA,NA,NA,NA,NA,NA,NA,NA,NA,0.252160542648295,0.522228321372748,0.0709151008851098,0.405503326929295,0.302133620844829,0.462796691415668,0.28281919967697,0.628633727057499,0.0714972632801905,0.461146900436115,0.345639255213832,0.530079004125326,NA,NA,NA,14.762,505.485,NA,NA,34.24231134,NA,NA,34.24231134,NA
"137",249,137,7.225383,"Acacia_aneura",1397,"Bloomfield_2018","Fabaceae","Acacia","1","long","1","EcM-AM",-30.191,120.654,2.92884432801236,-0.610645959048202,NA,3.53949028697984,NA,NA,0.31390136882426,0.0178821780459391,9.79474758116374,0.134119586505144,0.192235285428383,0.0962409337307526,0.134151510142114,0.171237850901189,NA,0.252160542648295,0.522228321372748,0.0709151008851098,0.405503326929295,0.302133620844829,0.462796691415668,0.28281919967697,0.628633727057499,0.0714972632801905,0.461146900436115,0.345639255213832,0.530079004125326,0.0212112161800129,0.0365080324793288,NA,19.2999178332353,477.3586107,0.588325,34.16459232325,26.3372460736364,841.1102603,33.8656938263406,25.9717315844141,841.1102603
"138",287,138,2.231635,"Acacia_longifolia",1753,"Niinemets_2009","Fabaceae","Acacia","1","long","1","EcM-AM",-33.7833333,151.1166667,3.16968558067743,-0.889162064485903,6.29249463707926,4.0588476451793,3.12280905624272,7.18165670145046,NA,NA,NA,NA,NA,NA,NA,NA,NA,0.252160542648295,0.522228321372748,0.0709151008851098,0.405503326929295,0.302133620844829,0.462796691415668,0.28281919967697,0.628633727057499,0.0714972632801905,0.461146900436115,0.345639255213832,0.530079004125326,NA,NA,NA,23.8,540.5,0.411,57.90754258,22.71008403,1315.085158,57.90754258,22.71008403,1315.085158
"139",287,139,2.231635,"Acacia_cambagei",1538,"Dong_2017","Fabaceae","Acacia","1","long","1","EcM-AM",-26.278,134.999,2.61072031052119,NA,NA,NA,1.98838584937009,NA,NA,NA,NA,NA,NA,NA,NA,NA,NA,0.252160542648295,0.522228321372748,0.0709151008851098,0.405503326929295,0.302133620844829,0.462796691415668,0.28281919967697,0.628633727057499,0.0714972632801905,0.461146900436115,0.345639255213832,0.530079004125326,NA,NA,NA,13.60884992,NA,NA,NA,7.303734914,NA,NA,7.303734914,NA
"140",286,140,3.370857,"Acacia_cyclops",2008,"Schulze_2014","Fabaceae","Acacia","1","long","1","EcM-AM",-31.014,115.33,2.76480853492082,-0.16369609267079,6.1364368052264,2.92850462742532,3.37162827036414,6.30013289790281,NA,NA,NA,NA,NA,NA,NA,NA,NA,0.252160542648295,0.522228321372748,0.0709151008851098,0.405503326929295,0.302133620844829,0.462796691415668,0.28281919967697,0.628633727057499,0.0714972632801905,0.461146900436115,0.345639255213832,0.530079004125326,NA,NA,NA,15.876,462.403,0.849,18.69964664,29.12591333,544.6442874,18.69964664,29.12591333,544.6442874
"141",288,141,3.799687,"Acacia_melanoxylon",1301,"Bloomfield_2018","Fabaceae","Acacia","1","long","1","EcM-AM",-43.095,146.65,3.34976372654731,-0.278392025544688,NA,3.62815575209235,NA,NA,0.553023965226796,0.0359918535629895,NA,0.121555959324756,0.208207861760962,NA,0.208993615135461,NA,NA,0.252160542648295,0.522228321372748,0.0709151008851098,0.405503326929295,0.302133620844829,0.462796691415668,0.28281919967697,0.628633727057499,0.0714972632801905,0.461146900436115,0.345639255213832,0.530079004125326,0.0426606430484573,NA,NA,24.5000344827586,NA,0.846862125,30.1201629033333,NA,NA,29.5264549429629,NA,NA
"142",288,142,3.799687,"Acacia_genistifolia",1464,"Caldwell_2016","Fabaceae","Acacia","1","long","1","EcM-AM",-37.983,145.8,2.68102152871429,NA,NA,NA,NA,NA,0.531413210223457,NA,NA,0.0841555284844926,NA,NA,NA,NA,NA,0.252160542648295,0.522228321372748,0.0709151008851098,0.405503326929295,0.302133620844829,0.462796691415668,0.28281919967697,0.628633727057499,0.0714972632801905,0.461146900436115,0.345639255213832,0.530079004125326,NA,NA,NA,14.12,NA,NA,NA,NA,NA,NA,NA,NA
"143",284,143,7.380532,"Acacia_gonocarpa",2136,"Schulze_2014","Fabaceae","Acacia","1","long","1","EcM-AM",-16.0275,125.2313889,3.3182142440475,NA,6.26388005127472,NA,2.94566580735752,NA,1.55484335045189,NA,10.712991462861,0.191353517261758,NA,0.0407687247837207,NA,0.200822262662343,NA,0.252160542648295,0.522228321372748,0.0709151008851098,0.405503326929295,0.302133620844829,0.462796691415668,0.28281919967697,0.628633727057499,0.0714972632801905,0.461146900436115,0.345639255213832,0.530079004125326,NA,0.100411131331171,NA,19.9033333333333,525.5495,NA,NA,26.0177974175,NA,NA,25.652521265914,NA
"144",247,144,9.671768,"Acacia_coriacea",2050,"Schulze_2014","Fabaceae","Acacia","1","long","1","EcM-AM",-26.4433333,114.1680556,2.80226887634119,NA,6.24227773867964,NA,3.44000886237331,NA,0.841373295039092,0.0333771959755759,8.24159584845385,0.183890355572914,0.196752532170404,0.0460612254031744,0.148666478928972,0.105447030172981,0.179078602227351,0.252160542648295,0.522228321372748,0.0709151008851098,0.405503326929295,0.302133620844829,0.462796691415668,0.28281919967697,0.628633727057499,0.0714972632801905,0.461146900436115,0.345639255213832,0.530079004125326,0.0606928358720346,0.0398552311897188,0.0731085332179742,13.7262222222222,473.396285714286,0.415532640333333,29.800416925,37.5859367314286,1153.90337045,29.5437046751202,37.41068512946,1139.27984522226
"145",291,145,4.910461,"Acacia_dealbata",1306,"Bloomfield_2018","Fabaceae","Acacia","1","long","1","EcM-AM",-43.095,146.65,3.24313907700388,-0.0998203352822109,NA,3.34295941225291,NA,NA,2.37453695047406,0.181426244857883,NA,0.318523762949223,0.687488365914934,NA,0.398586491619953,NA,NA,0.252160542648295,0.522228321372748,0.0709151008851098,0.405503326929295,0.302133620844829,0.462796691415668,0.28281919967697,0.628633727057499,0.0714972632801905,0.461146900436115,0.345639255213832,0.530079004125326,0.115062009116064,NA,NA,25.82425,NA,0.914166666666667,35.5822139533333,NA,NA,32.9891902259344,NA,NA
"146",291,146,4.910461,"Acacia_parramattensis",1341,"Bloomfield_2018","Fabaceae","Acacia","1","long","1","EcM-AM",-33.619,150.738,3.37775814992839,-0.345311185288417,NA,3.72306933526868,NA,NA,1.43608081775768,0.0366733518626551,NA,0.2277368034318,0.244861474254002,NA,0.244274049627628,NA,NA,0.252160542648295,0.522228321372748,0.0709151008851098,0.405503326929295,0.302133620844829,0.462796691415668,0.28281919967697,0.628633727057499,0.0714972632801905,0.461146900436115,0.345639255213832,0.530079004125326,0.0546213380106533,NA,NA,28.20075,NA,0.6698,43.5354521715,NA,NA,42.2923173233118,NA,NA
"147",290,147,7.095923,"Acacia_falcata",1757,"Niinemets_2009","Fabaceae","Acacia","1","long","1","EcM-AM",-33.68,150.755,3.04452243772342,-0.415515443961666,6.26530121273771,3.46003788174223,3.22077877510934,6.6808166567374,0.862167810425171,0.0685500628089509,2.185812841434,0.0773740130728916,0.223460837478935,0.00713879113236992,0.162738729130025,0.083158366579809,0.226449262226766,0.252160542648295,0.522228321372748,0.0709151008851098,0.405503326929295,0.302133620844829,0.462796691415668,0.28281919967697,0.628633727057499,0.0714972632801905,0.461146900436115,0.345639255213832,0.530079004125326,0.0939572490707977,0.0480115053302223,0.130740542504416,19.3,530.333333333333,0.531333333333333,37.1805556966667,27.5941770666667,1031.66952866667,36.8500725689039,27.5315565289238,1014.53985578551
"148",289,148,8.593718,"Acacia_wattsiana",1544,"Dong_2017","Fabaceae","Acacia","1","long","1","EcM-AM",-32.321,137.954,2.6883550309523,NA,6.24445309271659,NA,3.55609806188308,NA,NA,NA,NA,NA,NA,NA,NA,NA,NA,0.252160542648295,0.522228321372748,0.0709151008851098,0.405503326929295,0.302133620844829,0.462796691415668,0.28281919967697,0.628633727057499,0.0714972632801905,0.461146900436115,0.345639255213832,0.530079004125326,NA,NA,NA,14.70746269,515.14741,NA,NA,35.02625986,NA,NA,35.02625986,NA
"149",245,149,13.435481,"Acacia_andrewsii",2044,"Schulze_2014","Fabaceae","Acacia","1","long","1","EcM-AM",-27.6319444,114.54,2.57054903457972,NA,6.18104304184982,NA,3.61049400740369,NA,NA,NA,NA,NA,NA,NA,NA,NA,NA,0.252160542648295,0.522228321372748,0.0709151008851098,0.405503326929295,0.302133620844829,0.462796691415668,0.28281919967697,0.628633727057499,0.0714972632801905,0.461146900436115,0.345639255213832,0.530079004125326,NA,NA,NA,13.073,483.496,NA,NA,36.98431883,NA,NA,36.98431883,NA
"150",244,150,13.945975,"Acacia_pruinocarpa",2054,"Schulze_2014","Fabaceae","Acacia","1","long","1","EcM-AM",-24.9880556,114.8080556,2.77315106409596,NA,6.21698926120258,NA,3.44383819696463,NA,1.30076285309813,NA,3.54205155241987,0.171504212856996,NA,0.0177234608209492,NA,0.188317804123027,NA,0.252160542648295,0.522228321372748,0.0709151008851098,0.405503326929295,0.302133620844829,0.462796691415668,0.28281919967697,0.628633727057499,0.0714972632801905,0.461146900436115,0.345639255213832,0.530079004125326,NA,0.0768804215971344,NA,18.578,489.533,NA,NA,27.0818501416667,NA,NA,26.6826663106611,NA
"151",243,151,14.750558,"Acacia_dictyophleba",1434,"Bloomfield_2018","Fabaceae","Acacia","1","long","1","EcM-AM",-22.3468,133.3276,2.69570767790382,-1.43548460531066,NA,4.13119228320909,NA,NA,0.411603841359896,0.0386644316084556,NA,0.0741168558500042,0.263754333862633,NA,0.254724304696415,NA,NA,0.252160542648295,0.522228321372748,0.0709151008851098,0.405503326929295,0.302133620844829,0.462796691415668,0.28281919967697,0.628633727057499,0.0714972632801905,0.461146900436115,0.345639255213832,0.530079004125326,0.0849081015654716,NA,NA,16.6603333333333,NA,0.439777777777778,40.2815995166667,NA,NA,39.0988117919109,NA,NA
"152",293,152,4.883255,"Acacia_dunnii",2135,"Schulze_2014","Fabaceae","Acacia","1","long","1","EcM-AM",-16.0275,125.2313889,3.00568260440716,-0.75928698306449,6.2306054556372,3.7649695874162,3.2249228510962,6.98989243883553,0.966752510556175,NA,4.42589314903406,0.0962253973231318,NA,0.0175103286096007,NA,0.0787943193520756,NA,0.252160542648295,0.522228321372748,0.0709151008851098,0.405503326929295,0.302133620844829,0.462796691415668,0.28281919967697,0.628633727057499,0.0714972632801905,0.461146900436115,0.345639255213832,0.530079004125326,NA,0.0393971596760378,NA,20.0935,505.518,0.468,43.16239316,25.30144454,1085.604701,43.16239316,25.2427395412193,1085.604701
"153",293,153,4.883255,"Acacia_platycarpa",2162,"Schulze_2014","Fabaceae","Acacia","1","long","1","EcM-AM",-15.7683333,126.6069444,3.02349334433938,NA,6.28427034582709,NA,3.2607770015978,NA,1.16720620857385,NA,3.88834880694165,0.0997218199654584,NA,0.0127077706448013,NA,0.108057722365889,NA,0.252160542648295,0.522228321372748,0.0709151008851098,0.405503326929295,0.302133620844829,0.462796691415668,0.28281919967697,0.628633727057499,0.0714972632801905,0.461146900436115,0.345639255213832,0.530079004125326,NA,0.0623871550959639,NA,20.273,529.976333333333,NA,NA,26.3315259733333,NA,NA,26.2290289384834,NA
"154",292,154,8.271484,"Acacia_latescens",1880,"Schmidt_2003","Fabaceae","Acacia","1","long","1","EcM-AM",-12.65,132.9166667,3.2188758248682,NA,6.29581935384701,NA,3.07694352897881,NA,0.61399377228982,0.0271877059716336,2.81533890252926,0.1694419160511,0.249009975633921,0.028237202626377,0.208395396570004,0.156997396046327,0.245291975985192,0.252160542648295,0.522228321372748,0.0709151008851098,0.405503326929295,0.302133620844829,0.462796691415668,0.28281919967697,0.628633727057499,0.0714972632801905,0.461146900436115,0.345639255213832,0.530079004125326,0.0416790793140008,0.0307897225393644,0.0490583951970385,20.1754838709677,508.388461538462,0.545916,37.2697205572,26.3131228957692,982.106384064,36.4526552353642,26.0048060958313,954.845155236329
"155",241,155,15.963261,"Acacia_tetragonophylla",2010,"Schulze_2014","Fabaceae","Acacia","1","long","1","EcM-AM",-30.2055556,119.8633333,2.62749069324379,-1.30563645810244,6.27983950445957,3.93312715126385,3.65234881121505,7.58547596264445,0.960333203811582,0.125765761106378,4.19741722411686,0.211392701377207,0.569453403151165,0.031418851817187,0.431502183779076,0.399079038440674,0.613700220517176,0.252160542648295,0.522228321372748,0.0709151008851098,0.405503326929295,0.302133620844829,0.462796691415668,0.28281919967697,0.628633727057499,0.0714972632801905,0.461146900436115,0.345639255213832,0.530079004125326,0.136452971607844,0.103041764646747,0.194069049738187,17.5945265893333,499.86859015,0.6984,33.801183392,27.8267814612667,984.74347587,31.1760114052962,26.2537868150383,838.562267427284
"156",295,156,10.416589,"Acacia_prainii",2012,"Schulze_2014","Fabaceae","Acacia","1","long","1","EcM-AM",-30.0063889,119.7886111,2.84158992702534,NA,6.28033965760677,NA,3.43874973047185,NA,2.2203388880479,NA,19.7996124457021,0.212327130543825,NA,0.0678393302819273,NA,0.177097033984656,NA,0.252160542648295,0.522228321372748,0.0709151008851098,0.405503326929295,0.302133620844829,0.462796691415668,0.28281919967697,0.628633727057499,0.0714972632801905,0.461146900436115,0.345639255213832,0.530079004125326,NA,0.102247020243725,NA,18.1123333333333,505.517,NA,NA,28.5623155,NA,NA,28.2759901133026,NA
"157",296,157,3.760778,"Acacia_iteaphylla",1551,"Dong_2017","Fabaceae","Acacia","1","long","1","EcM-AM",-32.829,138.033,2.79829119121692,NA,6.2340602574488,NA,3.43576906634855,NA,NA,NA,NA,NA,NA,NA,NA,NA,NA,0.252160542648295,0.522228321372748,0.0709151008851098,0.405503326929295,0.302133620844829,0.462796691415668,0.28281919967697,0.628633727057499,0.0714972632801905,0.461146900436115,0.345639255213832,0.530079004125326,NA,NA,NA,16.41657001,509.8212925,NA,NA,31.05528696,NA,NA,31.05528696,NA
"158",296,158,3.760778,"Acacia_suaveolens",1569,"Edwards_2000","Fabaceae","Acacia","1","long","1","EcM-AM",-39.01667,146.3333,2.83144707924613,NA,NA,NA,NA,NA,0.872200601288998,0.0344490928763008,5.75,0.13898415100235,0.330319525877412,0.0152350875571809,0.362769987838661,0.100502183211524,0.159845711178809,0.252160542648295,0.522228321372748,0.0709151008851098,0.405503326929295,0.302133620844829,0.462796691415668,0.28281919967697,0.628633727057499,0.0714972632801905,0.461146900436115,0.345639255213832,0.530079004125326,0.162235670600804,0.0710657752729216,0.113027986318122,19.845,533.75,0.2332,90.97036988,25.413499065,1865.086207,86.2953744150403,25.3494603675508,1853.23575376961
"159",294,159,17.743115,"Acacia_murrayana",1531,"Dong_2017","Fabaceae","Acacia","1","long","1","EcM-AM",-25.755,136.545,3.54081281620412,NA,6.2045413529391,NA,2.66372853640161,NA,5.15609332835878,NA,10.6259133759549,0.458664213036533,NA,0.0368039197286215,NA,0.58491296028487,NA,0.252160542648295,0.522228321372748,0.0709151008851098,0.405503326929295,0.302133620844829,0.462796691415668,0.28281919967697,0.628633727057499,0.0714972632801905,0.461146900436115,0.345639255213832,0.530079004125326,NA,0.292456480142435,NA,22.4830853675,500.0723287,NA,NA,16.0526205465,NA,NA,14.3882516190316,NA
"160",297,160,14.963413,"Acacia_victoriae",2049,"Schulze_2014","Fabaceae","Acacia","1","long","1","EcM-AM",-26.4433333,114.1680556,2.95709538993907,NA,6.02863026558996,NA,3.07153487543988,NA,1.26710676355685,NA,15.4617139173951,0.170099630870431,NA,0.0882324244526481,NA,0.566975666153295,NA,0.252160542648295,0.522228321372748,0.0709151008851098,0.405503326929295,0.302133620844829,0.462796691415668,0.28281919967697,0.628633727057499,0.0714972632801905,0.461146900436115,0.345639255213832,0.530079004125326,NA,0.214296658866686,NA,19.7087398942857,429.244802933333,0.514,26.60311284,20.2295901548571,795.2101167,26.60311284,18.2530916942362,795.2101167
"161",297,161,14.963413,"Acacia_pyrifolia",2102,"Schulze_2014","Fabaceae","Acacia","1","long","1","EcM-AM",-22.3213889,118.5436111,2.91582289032569,NA,6.19091563551534,NA,3.27509274533121,NA,0.83,NA,2.02199999999999,0.0665644355659334,NA,0.00583204638470858,NA,0.0724457363538554,NA,0.252160542648295,0.522228321372748,0.0709151008851098,0.405503326929295,0.302133620844829,0.462796691415668,0.28281919967697,0.628633727057499,0.0714972632801905,0.461146900436115,0.345639255213832,0.530079004125326,NA,0.0512268714438639,NA,17.634,490.315,NA,NA,27.872237995,NA,NA,27.8357068826864,NA
"162",300,162,15.160207,"Acacia_myrtifolia",1469,"Caldwell_2016","Fabaceae","Acacia","1","long","1","EcM-AM",-37.983,145.8,2.7408400239252,NA,NA,NA,NA,NA,0.49778294782393,0.011170397386744,11.2615759507406,0.116224817491319,0.121175547899219,0.0497978063495881,0.138189327508935,0.0727173769429285,NA,0.252160542648295,0.522228321372748,0.0709151008851098,0.405503326929295,0.302133620844829,0.462796691415668,0.28281919967697,0.628633727057499,0.0714972632801905,0.461146900436115,0.345639255213832,0.530079004125326,0.0797836454364173,0.0325201995979728,NA,14.8365104008333,505.67788434,0.159666666666667,96.5670220833333,33.030706338,3635.135135,95.9420717744998,32.9599986331195,3635.135135
"163",301,163,13.870721,"Acacia_lycopodiifolia",2151,"Schulze_2014","Fabaceae","Acacia","1","long","1","EcM-AM",-15.5852778,127.7633333,2.76026307254914,NA,6.23559629716054,NA,3.47533322457034,NA,NA,NA,NA,NA,NA,NA,NA,NA,NA,0.252160542648295,0.522228321372748,0.0709151008851098,0.405503326929295,0.302133620844829,0.462796691415668,0.28281919967697,0.628633727057499,0.0714972632801905,0.461146900436115,0.345639255213832,0.530079004125326,NA,NA,NA,15.804,510.605,NA,NA,32.30859276,NA,NA,32.30859276,NA
"164",301,164,13.870721,"Acacia_saligna",1584,"Funk_2016","Fabaceae","Acacia","1","long","1","EcM-AM",-32.04667,115.83639,3.38777436133001,0.143357236769146,NA,3.24441712463634,NA,NA,1.19017324187658,0.209022468206393,NA,0.123074214977663,0.398526838305739,NA,0.40358011321737,NA,NA,0.252160542648295,0.522228321372748,0.0709151008851098,0.405503326929295,0.302133620844829,0.462796691415668,0.28281919967697,0.628633727057499,0.0714972632801905,0.461146900436115,0.345639255213832,0.530079004125326,0.13452670440579,NA,NA,29.0111111111111,NA,1.57346342666667,21.4926051688889,NA,NA,19.9509698527667,NA,NA
"165",303,165,1.628777,"Acacia_rostellifera",1711,"Hayes_2014","Fabaceae","Acacia","1","long","1","EcM-AM",-30.407139,115.081852,3.11105132943723,0.15372838638822,6.08113129059361,2.95732294330056,2.97007996091131,5.92740290424589,0.301359547715071,0.0608306941034418,3.40697165942089,0.130486649043227,0.496850672957266,0.0427779750383139,0.402275598032268,0.135172697607873,0.405855607770129,0.252160542648295,0.522228321372748,0.0709151008851098,0.405503326929295,0.302133620844829,0.462796691415668,0.28281919967697,0.628633727057499,0.0714972632801905,0.461146900436115,0.345639255213832,0.530079004125326,0.0593123010872587,0.024277733179636,0.0728938190128144,17.4363791807018,443.434159132258,0.830377944456522,23.9003167549783,26.8499882235484,605.161094125806,22.2522229607452,26.6124828449582,562.316873546528
"166",304,166,0.241612,"Acacia_ligulata",1550,"Dong_2017","Fabaceae","Acacia","1","long","1","EcM-AM",-32.829,138.033,2.93069218238453,NA,5.92914401507967,NA,2.99845183269843,NA,1.20693276,NA,NA,0.0855675173757594,NA,NA,NA,1.01183752651819,NA,0.252160542648295,0.522228321372748,0.0709151008851098,0.405503326929295,0.302133620844829,0.462796691415668,0.28281919967697,0.628633727057499,0.0714972632801905,0.461146900436115,0.345639255213832,0.530079004125326,NA,0.715477176460036,NA,19.94753068,375.832669,NA,NA,12.424549854,NA,NA,9.80580597068934,NA
"167",304,167,0.241612,"Acacia_cupularis",1566,"Dong_2017","Fabaceae","Acacia","1","long","1","EcM-AM",-35.272,138.69,3.08141025367333,NA,6.21742195760457,NA,3.13601170374836,NA,NA,NA,NA,NA,NA,NA,NA,NA,NA,0.252160542648295,0.522228321372748,0.0709151008851098,0.405503326929295,0.302133620844829,0.462796691415668,0.28281919967697,0.628633727057499,0.0714972632801905,0.461146900436115,0.345639255213832,0.530079004125326,NA,NA,NA,21.78910891,501.4089109,NA,NA,23.0119053,NA,NA,23.0119053,NA
"168",305,168,11.162112,"Acacia_continua",1553,"Dong_2017","Fabaceae","Acacia","1","long","1","EcM-AM",-34.881,138.708,2.45574563107843,NA,6.1582457530239,NA,3.70250012197252,NA,2.690406945,NA,24.9734072,0.424420687728824,NA,0.078900285201739,NA,0.358916636333304,NA,0.252160542648295,0.522228321372748,0.0709151008851098,0.405503326929295,0.302133620844829,0.462796691415668,0.28281919967697,0.628633727057499,0.0714972632801905,0.461146900436115,0.345639255213832,0.530079004125326,NA,0.253792387431945,NA,8.964713785,447.6248859,NA,NA,53.95540624,NA,NA,52.2632009870731,NA
"169",305,169,11.162112,"Acacia_blakelyi",2047,"Schulze_2014","Fabaceae","Acacia","1","long","1","EcM-AM",-27.6319444,114.54,2.85514749274012,NA,6.15886491796101,NA,3.30371742526086,NA,NA,NA,NA,NA,NA,NA,NA,NA,NA,0.252160542648295,0.522228321372748,0.0709151008851098,0.405503326929295,0.302133620844829,0.462796691415668,0.28281919967697,0.628633727057499,0.0714972632801905,0.461146900436115,0.345639255213832,0.530079004125326,NA,NA,NA,17.377,472.891,NA,NA,27.2136157,NA,NA,27.2136157,NA
"170",306,170,6.41122,"Acacia_multisiliqua",2134,"Schulze_2014","Fabaceae","Acacia","1","long","1","EcM-AM",-16.0275,125.2313889,2.69651728528849,NA,6.250363197883,NA,3.55384591268575,NA,0.471685394210072,NA,3.40050000000002,0.0518961040882527,NA,0.00934154729618511,NA,0.0631323121513747,NA,0.252160542648295,0.522228321372748,0.0709151008851098,0.405503326929295,0.302133620844829,0.462796691415668,0.28281919967697,0.628633727057499,0.0714972632801905,0.461146900436115,0.345639255213832,0.530079004125326,NA,0.0446412860342229,NA,15.7426666666667,514.8005,NA,NA,33.45498213,NA,NA,33.4216745003935,NA
"171",306,171,6.41122,"Acacia_estrophiolata",1490,"Dong_2017","Fabaceae","Acacia","1","long","1","EcM-AM",-24.358,132.936,3.13232686298459,NA,6.28049339375213,NA,3.14816653059867,NA,2.518122565,NA,11.6436047,0.139953180744317,NA,0.0315204364604759,NA,0.171938416214173,NA,0.252160542648295,0.522228321372748,0.0709151008851098,0.405503326929295,0.302133620844829,0.462796691415668,0.28281919967697,0.628633727057499,0.0714972632801905,0.461146900436115,0.345639255213832,0.530079004125326,NA,0.121578820051517,NA,25.445388695,522.4084921,NA,NA,20.77936193,NA,NA,20.6267280003656,NA
"172",308,172,9.932175,"Vachellia_pachyphloia",2128,"Schulze_2014","Fabaceae","Vachellia","1","long","1","AM",-16.0072222,125.5891667,3.12697981016366,NA,6.19161578949592,NA,3.06463597933247,NA,NA,NA,NA,NA,NA,NA,NA,NA,NA,0.0736278701807046,NA,0.0184895179935785,NA,0.0921850738905027,NA,0.28281919967697,0.628633727057499,0.0714972632801905,0.461146900436115,0.345639255213832,0.530079004125326,NA,NA,NA,22.805,488.635,NA,NA,21.42666082,NA,NA,21.42666082,NA
"173",308,173,9.932175,"Vachellia_suberosa",2132,"Schulze_2014","Fabaceae","Vachellia","1","long","1","AM",-16.1452778,125.1391667,3.23119957455703,NA,6.16546617239181,NA,2.93426659758815,NA,NA,NA,NA,NA,NA,NA,NA,NA,NA,0.0736278701807046,NA,0.0184895179935785,NA,0.0921850738905027,NA,0.28281919967697,0.628633727057499,0.0714972632801905,0.461146900436115,0.345639255213832,0.530079004125326,NA,NA,NA,25.31,476.023,NA,NA,18.80770446,NA,NA,18.80770446,NA
"174",307,174,25.510718,"Senegalia_burkei",2159,"Schulze_2014","Fabaceae","Senegalia","1","long","1","EcM-AM",-30.7961111,119.5363889,3.21747484395257,NA,6.24949056883974,NA,3.03201572477002,NA,2.40023636914738,NA,1.09300257446072,0.296894604298121,NA,0.00519454125334256,NA,0.303266661823944,NA,0.252160542648295,0.522228321372748,0.0709151008851098,0.405503326929295,0.302133620844829,0.462796691415668,0.28281919967697,0.628633727057499,0.0714972632801905,0.461146900436115,0.345639255213832,0.530079004125326,NA,0.123808096244308,NA,19.8028333333333,515.406166666667,NA,NA,28.0971088716667,NA,NA,27.0477819494085,NA
"175",309,175,17.529367,"Cathormion_umbellatum",1918,"Schmidt_2003","Fabaceae","Cathormion","1","long","1","AM",-12.65,132.9166667,3.09104245335832,NA,NA,NA,NA,NA,0,NA,NA,0,NA,NA,NA,NA,NA,0,NA,NA,NA,NA,NA,0.28281919967697,0.628633727057499,0.0714972632801905,0.461146900436115,0.345639255213832,0.530079004125326,NA,NA,NA,22,509,NA,NA,23.13636364,NA,NA,23.13636364,NA
"176",309,176,17.529367,"Pararchidendron_pruinosum",1752,"Kanowski_2000","Fabaceae","Pararchidendron","0","long","1","AM",-17.26548,145.56578,3.65764675168284,0.499186754133262,NA,3.15845999757767,NA,NA,NA,NA,NA,NA,NA,NA,NA,NA,NA,NA,NA,NA,NA,NA,NA,0.28281919967697,0.628633727057499,0.0714972632801905,0.461146900436115,0.345639255213832,0.530079004125326,NA,NA,NA,38.77,NA,1.647381,23.53432509,NA,NA,23.53432509,NA,NA
"177",235,177,28.815446,"Neptunia_monosperma",1518,"Dong_2017","Fabaceae","Neptunia","0","long","1","NM",-18.786,136.865,3.29928019722549,NA,6.1807198812783,NA,2.88143968432082,NA,NA,NA,NA,NA,NA,NA,NA,NA,NA,NA,NA,NA,NA,NA,NA,0.28281919967697,0.628633727057499,0.0714972632801905,0.461146900436115,0.345639255213832,0.530079004125326,NA,NA,NA,27.09313019,483.3397784,NA,NA,17.83993858,NA,NA,17.83993858,NA
"178",234,178,35.014235,"Entada_phaseoloides",1463,"Buckton_2019","Fabaceae","Entada","1","long","1","AM",-16.1,145.4,3.52979235385393,NA,6.11205688697144,NA,2.58226453313082,NA,1.36576895640195,NA,6.35265613479891,0.1065235431711,NA,0.0340611061751492,NA,0.119041679721661,NA,0.1065235431711,NA,0.0340611061751492,NA,0.119041679721661,NA,0.28281919967697,0.628633727057499,0.0714972632801905,0.461146900436115,0.345639255213832,0.530079004125326,NA,0.048598562240315,NA,31.40561185,456.848522816667,NA,NA,14.704589035,NA,NA,14.6139069829943,NA
"179",233,179,35.750419,"Adenanthera_pavonina",1909,"Schmidt_2003","Fabaceae","Adenanthera","1","long","1","AM",-12.65,132.9166667,3.13549421592915,NA,6.19695316318347,NA,3.06145894715254,NA,0.25,NA,NA,0.0155408083777263,NA,NA,NA,NA,NA,0.0155408083777263,NA,NA,NA,NA,NA,0.28281919967697,0.628633727057499,0.0714972632801905,0.461146900436115,0.345639255213832,0.530079004125326,NA,NA,NA,22.75,491.25,NA,NA,21.35869565,NA,NA,21.35869565,NA
"180",232,180,43.572541,"Erythrophleum_chlorostachys",2121,"Schulze_2014","Fabaceae","Erythrophleum","1","long","1","AM",-16.9055556,125.7611111,3.09498920015133,NA,6.25049827147902,NA,3.15550907134274,NA,0.603255845847438,0.0274608301875411,8.81067540847126,0.221937170994989,0.22397814837416,0.097445763059219,0.215144542399331,0.172128867212355,0.317470841963065,0.221937170994989,0.22397814837416,0.097445763059219,0.215144542399331,0.172128867212355,0.317470841963065,0.28281919967697,0.628633727057499,0.0714972632801905,0.461146900436115,0.345639255213832,0.530079004125326,0.0386411005170442,0.0325292982927965,0.0728328061914617,21.4026395801613,478.437548878571,0.682635483870968,28.23151246,25.6324499914286,726.742122763158,27.6117280311962,25.270553269989,693.18461303729
"181",310,181,26.022372,"Senna_venusta",2105,"Schulze_2014","Fabaceae","Senna","1","long","0","AM",-22.3213889,118.5436111,3.50182672294408,NA,6.16746617515712,NA,2.66563945212414,NA,NA,NA,NA,NA,NA,NA,NA,NA,NA,0.406504760635549,0.176379037730427,0.0530001248178683,0.19963020949394,0.557042101102483,NA,0.28281919967697,0.628633727057499,0.0714972632801905,0.461146900436115,0.345639255213832,0.530079004125326,NA,NA,NA,33.176,476.976,NA,NA,14.3771401,NA,NA,14.3771401,NA
"182",310,182,26.022372,"Senna_ferraria",2094,"Schulze_2014","Fabaceae","Senna","1","long","0","AM",-22.7191667,117.7613889,2.77152565738652,NA,6.20512931637241,NA,3.4336036590055,NA,NA,NA,NA,NA,NA,NA,NA,NA,NA,0.406504760635549,0.176379037730427,0.0530001248178683,0.19963020949394,0.557042101102483,NA,0.28281919967697,0.628633727057499,0.0714972632801905,0.461146900436115,0.345639255213832,0.530079004125326,NA,NA,NA,15.983,495.283,NA,NA,30.98811237,NA,NA,30.98811237,NA
"183",310,183,26.022372,"Senna_glutinosa",2093,"Schulze_2014","Fabaceae","Senna","1","long","0","AM",-23.1333333,117.8,3.15755345968547,NA,6.17529538103665,NA,3.01774192143069,NA,NA,NA,NA,NA,NA,NA,NA,NA,NA,0.406504760635549,0.176379037730427,0.0530001248178683,0.19963020949394,0.557042101102483,NA,0.28281919967697,0.628633727057499,0.0714972632801905,0.461146900436115,0.345639255213832,0.530079004125326,NA,NA,NA,23.513,480.725,NA,NA,20.44507294,NA,NA,20.44507294,NA
"184",310,184,26.022373,"Senna_artemisioides",1373,"Bloomfield_2018","Fabaceae","Senna","1","long","0","AM",-34.003,140.58,2.64971462408925,-0.358104536748327,NA,3.00781916093793,NA,NA,0.628486777537512,0.0337218035490701,5.33633398330893,0.240438796312574,0.176379037730427,0.0504445192029269,0.19963020949394,0.54739006377502,NA,0.406504760635549,0.176379037730427,0.0530001248178683,0.19963020949394,0.557042101102483,NA,0.28281919967697,0.628633727057499,0.0714972632801905,0.461146900436115,0.345639255213832,0.530079004125326,0.0484174376357468,0.109478012755004,NA,16.7372278512195,507.33279136087,0.788294117647059,21.8369829135294,31.1866776212,591.6344916,21.441511991814,27.8651753194027,591.6344916
"185",310,185,26.022373,"Senna_obtusifolia",1955,"Schmidt_2003","Fabaceae","Senna","0","long","0","AM",-12.65,132.9166667,3.83297979808769,NA,NA,NA,NA,NA,0.100000000000001,NA,NA,0.00306770837824971,NA,NA,NA,NA,NA,0.406504760635549,0.176379037730427,0.0530001248178683,0.19963020949394,0.557042101102483,NA,0.28281919967697,0.628633727057499,0.0714972632801905,0.461146900436115,0.345639255213832,0.530079004125326,NA,NA,NA,46.1,454.1,NA,NA,9.87173913,NA,NA,9.87173913,NA
"186",311,186,7.5610035,"Labichea_cassioides",1674,"Guilherme_Pereira_2019","Fabaceae","Labichea","1","long","0","AM",-30.1920924,115.0630152,2.38646657697475,NA,NA,NA,NA,NA,0.767911919460417,0.0228683186963974,NA,0.197511972730688,0.159498175721379,NA,0.0513586222501597,NA,NA,0.192783186166146,0.217048311717907,NA,0.179847803078012,NA,NA,0.28281919967697,0.628633727057499,0.0714972632801905,0.461146900436115,0.345639255213832,0.530079004125326,0.0229682741164181,NA,NA,11.6637777777778,NA,0.3206,35.65609933,NA,NA,35.6184003759764,NA,NA
"187",311,187,7.5610045,"Labichea_lanceolata",1803,"Read_2005","Fabaceae","Labichea","1","long","0","AM",-32.55399,117.335394,2.65324196460721,-0.7339691750802,NA,3.38721113957474,NA,NA,0.914002188181188,0.0250199920063936,NA,0.147245751034344,0.125440365297752,NA,0.241335128560088,NA,NA,0.192783186166146,0.217048311717907,NA,0.179847803078012,NA,NA,0.28281919967697,0.628633727057499,0.0714972632801905,0.461146900436115,0.345639255213832,0.530079004125326,0.107928350563802,NA,NA,13.88,NA,0.446,31.763635018,NA,NA,31.0282356769428,NA,NA
"188",195,188,84.026445,"Bauhinia_cunninghamii",2116,"Schulze_2014","Fabaceae","Bauhinia","1","long","0","AM",-19.4555556,121.4747222,3.11697598083936,NA,6.13378191724676,NA,3.01680593636963,NA,1.38215159474791,NA,14.0712402169974,0.209910468825092,NA,0.0717919905209533,NA,0.11240938222176,NA,0.209910468825092,NA,0.0717919905209533,NA,0.11240938222176,NA,0.28281919967697,0.628633727057499,0.0714972632801905,0.461146900436115,0.345639255213832,0.530079004125326,NA,0.0458909381241326,NA,19.7534444444444,480.100333333333,NA,NA,23.3882363366667,NA,NA,23.263324323602,NA
"189",189,189,NA,NA,NA,NA,NA,NA,NA,NA,NA,NA,NA,NA,NA,NA,NA,NA,NA,NA,NA,NA,NA,NA,NA,NA,NA,NA,NA,NA,NA,NA,NA,NA,NA,NA,NA,NA,NA,NA,NA,NA,NA,NA,NA,NA,NA,NA,NA,NA,NA,NA,NA
"190",189,190,42.3816685,NA,NA,NA,NA,NA,NA,NA,NA,NA,NA,NA,NA,NA,NA,NA,NA,NA,NA,NA,NA,NA,NA,NA,NA,NA,NA,NA,NA,NA,NA,NA,NA,NA,NA,NA,NA,NA,NA,NA,NA,NA,NA,NA,NA,NA,NA,NA,NA,NA,NA
"191",189,191,42.3816685,NA,NA,NA,NA,NA,NA,NA,NA,NA,NA,NA,NA,NA,NA,NA,NA,NA,NA,NA,NA,NA,NA,NA,NA,NA,NA,NA,NA,NA,NA,NA,NA,NA,NA,NA,NA,NA,NA,NA,NA,NA,NA,NA,NA,NA,NA,NA,NA,NA,NA
"192",189,192,42.3816685,NA,NA,NA,NA,NA,NA,NA,NA,NA,NA,NA,NA,NA,NA,NA,NA,NA,NA,NA,NA,NA,NA,NA,NA,NA,NA,NA,NA,NA,NA,NA,NA,NA,NA,NA,NA,NA,NA,NA,NA,NA,NA,NA,NA,NA,NA,NA,NA,NA,NA
"193",189,193,42.3816685,NA,NA,NA,NA,NA,NA,NA,NA,NA,NA,NA,NA,NA,NA,NA,NA,NA,NA,NA,NA,NA,NA,NA,NA,NA,NA,NA,NA,NA,NA,NA,NA,NA,NA,NA,NA,NA,NA,NA,NA,NA,NA,NA,NA,NA,NA,NA,NA,NA,NA
"194",189,194,42.3816685,NA,NA,NA,NA,NA,NA,NA,NA,NA,NA,NA,NA,NA,NA,NA,NA,NA,NA,NA,NA,NA,NA,NA,NA,NA,NA,NA,NA,NA,NA,NA,NA,NA,NA,NA,NA,NA,NA,NA,NA,NA,NA,NA,NA,NA,NA,NA,NA,NA,NA
"195",189,195,0.736893,NA,NA,NA,NA,NA,NA,NA,NA,NA,NA,NA,NA,NA,NA,NA,NA,NA,NA,NA,NA,NA,NA,NA,NA,NA,NA,NA,NA,NA,NA,NA,NA,NA,NA,NA,NA,NA,NA,NA,NA,NA,NA,NA,NA,NA,NA,NA,NA,NA,NA
"196",195,196,2.749133,NA,NA,NA,NA,NA,NA,NA,NA,NA,NA,NA,NA,NA,NA,NA,NA,NA,NA,NA,NA,NA,NA,NA,NA,NA,NA,NA,NA,NA,NA,NA,NA,NA,NA,NA,NA,NA,NA,NA,NA,NA,NA,NA,NA,NA,NA,NA,NA,NA,NA
"197",196,197,3.314125,NA,NA,NA,NA,NA,NA,NA,NA,NA,NA,NA,NA,NA,NA,NA,NA,NA,NA,NA,NA,NA,NA,NA,NA,NA,NA,NA,NA,NA,NA,NA,NA,NA,NA,NA,NA,NA,NA,NA,NA,NA,NA,NA,NA,NA,NA,NA,NA,NA,NA
"198",197,198,13.747261,NA,NA,NA,NA,NA,NA,NA,NA,NA,NA,NA,NA,NA,NA,NA,NA,NA,NA,NA,NA,NA,NA,NA,NA,NA,NA,NA,NA,NA,NA,NA,NA,NA,NA,NA,NA,NA,NA,NA,NA,NA,NA,NA,NA,NA,NA,NA,NA,NA,NA
"199",198,199,3.904451,NA,NA,NA,NA,NA,NA,NA,NA,NA,NA,NA,NA,NA,NA,NA,NA,NA,NA,NA,NA,NA,NA,NA,NA,NA,NA,NA,NA,NA,NA,NA,NA,NA,NA,NA,NA,NA,NA,NA,NA,NA,NA,NA,NA,NA,NA,NA,NA,NA,NA
"200",199,200,2.679983,NA,NA,NA,NA,NA,NA,NA,NA,NA,NA,NA,NA,NA,NA,NA,NA,NA,NA,NA,NA,NA,NA,NA,NA,NA,NA,NA,NA,NA,NA,NA,NA,NA,NA,NA,NA,NA,NA,NA,NA,NA,NA,NA,NA,NA,NA,NA,NA,NA,NA
"201",200,201,7.113922,NA,NA,NA,NA,NA,NA,NA,NA,NA,NA,NA,NA,NA,NA,NA,NA,NA,NA,NA,NA,NA,NA,NA,NA,NA,NA,NA,NA,NA,NA,NA,NA,NA,NA,NA,NA,NA,NA,NA,NA,NA,NA,NA,NA,NA,NA,NA,NA,NA,NA
"202",201,202,6.463941,NA,NA,NA,NA,NA,NA,NA,NA,NA,NA,NA,NA,NA,NA,NA,NA,NA,NA,NA,NA,NA,NA,NA,NA,NA,NA,NA,NA,NA,NA,NA,NA,NA,NA,NA,NA,NA,NA,NA,NA,NA,NA,NA,NA,NA,NA,NA,NA,NA,NA
"203",202,203,11.190816,NA,NA,NA,NA,NA,NA,NA,NA,NA,NA,NA,NA,NA,NA,NA,NA,NA,NA,NA,NA,NA,NA,NA,NA,NA,NA,NA,NA,NA,NA,NA,NA,NA,NA,NA,NA,NA,NA,NA,NA,NA,NA,NA,NA,NA,NA,NA,NA,NA,NA
"204",203,204,1.213561,NA,NA,NA,NA,NA,NA,NA,NA,NA,NA,NA,NA,NA,NA,NA,NA,NA,NA,NA,NA,NA,NA,NA,NA,NA,NA,NA,NA,NA,NA,NA,NA,NA,NA,NA,NA,NA,NA,NA,NA,NA,NA,NA,NA,NA,NA,NA,NA,NA,NA
"205",204,205,1.202173,NA,NA,NA,NA,NA,NA,NA,NA,NA,NA,NA,NA,NA,NA,NA,NA,NA,NA,NA,NA,NA,NA,NA,NA,NA,NA,NA,NA,NA,NA,NA,NA,NA,NA,NA,NA,NA,NA,NA,NA,NA,NA,NA,NA,NA,NA,NA,NA,NA,NA
"206",205,206,0.002924,NA,NA,NA,NA,NA,NA,NA,NA,NA,NA,NA,NA,NA,NA,NA,NA,NA,NA,NA,NA,NA,NA,NA,NA,NA,NA,NA,NA,NA,NA,NA,NA,NA,NA,NA,NA,NA,NA,NA,NA,NA,NA,NA,NA,NA,NA,NA,NA,NA,NA
"207",206,207,12.610794,NA,NA,NA,NA,NA,NA,NA,NA,NA,NA,NA,NA,NA,NA,NA,NA,NA,NA,NA,NA,NA,NA,NA,NA,NA,NA,NA,NA,NA,NA,NA,NA,NA,NA,NA,NA,NA,NA,NA,NA,NA,NA,NA,NA,NA,NA,NA,NA,NA,NA
"208",207,208,1.996207,NA,NA,NA,NA,NA,NA,NA,NA,NA,NA,NA,NA,NA,NA,NA,NA,NA,NA,NA,NA,NA,NA,NA,NA,NA,NA,NA,NA,NA,NA,NA,NA,NA,NA,NA,NA,NA,NA,NA,NA,NA,NA,NA,NA,NA,NA,NA,NA,NA,NA
"209",208,209,14.118286,NA,NA,NA,NA,NA,NA,NA,NA,NA,NA,NA,NA,NA,NA,NA,NA,NA,NA,NA,NA,NA,NA,NA,NA,NA,NA,NA,NA,NA,NA,NA,NA,NA,NA,NA,NA,NA,NA,NA,NA,NA,NA,NA,NA,NA,NA,NA,NA,NA,NA
"210",206,210,19.123135,NA,NA,NA,NA,NA,NA,NA,NA,NA,NA,NA,NA,NA,NA,NA,NA,NA,NA,NA,NA,NA,NA,NA,NA,NA,NA,NA,NA,NA,NA,NA,NA,NA,NA,NA,NA,NA,NA,NA,NA,NA,NA,NA,NA,NA,NA,NA,NA,NA,NA
"211",210,211,6.457409,NA,NA,NA,NA,NA,NA,NA,NA,NA,NA,NA,NA,NA,NA,NA,NA,NA,NA,NA,NA,NA,NA,NA,NA,NA,NA,NA,NA,NA,NA,NA,NA,NA,NA,NA,NA,NA,NA,NA,NA,NA,NA,NA,NA,NA,NA,NA,NA,NA,NA
"212",204,212,16.168827,NA,NA,NA,NA,NA,NA,NA,NA,NA,NA,NA,NA,NA,NA,NA,NA,NA,NA,NA,NA,NA,NA,NA,NA,NA,NA,NA,NA,NA,NA,NA,NA,NA,NA,NA,NA,NA,NA,NA,NA,NA,NA,NA,NA,NA,NA,NA,NA,NA,NA
"213",203,213,27.266683,NA,NA,NA,NA,NA,NA,NA,NA,NA,NA,NA,NA,NA,NA,NA,NA,NA,NA,NA,NA,NA,NA,NA,NA,NA,NA,NA,NA,NA,NA,NA,NA,NA,NA,NA,NA,NA,NA,NA,NA,NA,NA,NA,NA,NA,NA,NA,NA,NA,NA
"214",213,214,1.020212,NA,NA,NA,NA,NA,NA,NA,NA,NA,NA,NA,NA,NA,NA,NA,NA,NA,NA,NA,NA,NA,NA,NA,NA,NA,NA,NA,NA,NA,NA,NA,NA,NA,NA,NA,NA,NA,NA,NA,NA,NA,NA,NA,NA,NA,NA,NA,NA,NA,NA
"215",202,215,4.602626,NA,NA,NA,NA,NA,NA,NA,NA,NA,NA,NA,NA,NA,NA,NA,NA,NA,NA,NA,NA,NA,NA,NA,NA,NA,NA,NA,NA,NA,NA,NA,NA,NA,NA,NA,NA,NA,NA,NA,NA,NA,NA,NA,NA,NA,NA,NA,NA,NA,NA
"216",215,216,4.24681,NA,NA,NA,NA,NA,NA,NA,NA,NA,NA,NA,NA,NA,NA,NA,NA,NA,NA,NA,NA,NA,NA,NA,NA,NA,NA,NA,NA,NA,NA,NA,NA,NA,NA,NA,NA,NA,NA,NA,NA,NA,NA,NA,NA,NA,NA,NA,NA,NA,NA
"217",216,217,28.02285,NA,NA,NA,NA,NA,NA,NA,NA,NA,NA,NA,NA,NA,NA,NA,NA,NA,NA,NA,NA,NA,NA,NA,NA,NA,NA,NA,NA,NA,NA,NA,NA,NA,NA,NA,NA,NA,NA,NA,NA,NA,NA,NA,NA,NA,NA,NA,NA,NA,NA
"218",216,218,34.349759,NA,NA,NA,NA,NA,NA,NA,NA,NA,NA,NA,NA,NA,NA,NA,NA,NA,NA,NA,NA,NA,NA,NA,NA,NA,NA,NA,NA,NA,NA,NA,NA,NA,NA,NA,NA,NA,NA,NA,NA,NA,NA,NA,NA,NA,NA,NA,NA,NA,NA
"219",201,219,35.088745,NA,NA,NA,NA,NA,NA,NA,NA,NA,NA,NA,NA,NA,NA,NA,NA,NA,NA,NA,NA,NA,NA,NA,NA,NA,NA,NA,NA,NA,NA,NA,NA,NA,NA,NA,NA,NA,NA,NA,NA,NA,NA,NA,NA,NA,NA,NA,NA,NA,NA
"220",199,220,3.607231,NA,NA,NA,NA,NA,NA,NA,NA,NA,NA,NA,NA,NA,NA,NA,NA,NA,NA,NA,NA,NA,NA,NA,NA,NA,NA,NA,NA,NA,NA,NA,NA,NA,NA,NA,NA,NA,NA,NA,NA,NA,NA,NA,NA,NA,NA,NA,NA,NA,NA
"221",220,221,1.316352,NA,NA,NA,NA,NA,NA,NA,NA,NA,NA,NA,NA,NA,NA,NA,NA,NA,NA,NA,NA,NA,NA,NA,NA,NA,NA,NA,NA,NA,NA,NA,NA,NA,NA,NA,NA,NA,NA,NA,NA,NA,NA,NA,NA,NA,NA,NA,NA,NA,NA
"222",221,222,0.522507,NA,NA,NA,NA,NA,NA,NA,NA,NA,NA,NA,NA,NA,NA,NA,NA,NA,NA,NA,NA,NA,NA,NA,NA,NA,NA,NA,NA,NA,NA,NA,NA,NA,NA,NA,NA,NA,NA,NA,NA,NA,NA,NA,NA,NA,NA,NA,NA,NA,NA
"223",222,223,28.333309,NA,NA,NA,NA,NA,NA,NA,NA,NA,NA,NA,NA,NA,NA,NA,NA,NA,NA,NA,NA,NA,NA,NA,NA,NA,NA,NA,NA,NA,NA,NA,NA,NA,NA,NA,NA,NA,NA,NA,NA,NA,NA,NA,NA,NA,NA,NA,NA,NA,NA
"224",222,224,45.8788995,NA,NA,NA,NA,NA,NA,NA,NA,NA,NA,NA,NA,NA,NA,NA,NA,NA,NA,NA,NA,NA,NA,NA,NA,NA,NA,NA,NA,NA,NA,NA,NA,NA,NA,NA,NA,NA,NA,NA,NA,NA,NA,NA,NA,NA,NA,NA,NA,NA,NA
"225",221,225,27.693946,NA,NA,NA,NA,NA,NA,NA,NA,NA,NA,NA,NA,NA,NA,NA,NA,NA,NA,NA,NA,NA,NA,NA,NA,NA,NA,NA,NA,NA,NA,NA,NA,NA,NA,NA,NA,NA,NA,NA,NA,NA,NA,NA,NA,NA,NA,NA,NA,NA,NA
"226",220,226,28.352122,NA,NA,NA,NA,NA,NA,NA,NA,NA,NA,NA,NA,NA,NA,NA,NA,NA,NA,NA,NA,NA,NA,NA,NA,NA,NA,NA,NA,NA,NA,NA,NA,NA,NA,NA,NA,NA,NA,NA,NA,NA,NA,NA,NA,NA,NA,NA,NA,NA,NA
"227",198,227,5.008716,NA,NA,NA,NA,NA,NA,NA,NA,NA,NA,NA,NA,NA,NA,NA,NA,NA,NA,NA,NA,NA,NA,NA,NA,NA,NA,NA,NA,NA,NA,NA,NA,NA,NA,NA,NA,NA,NA,NA,NA,NA,NA,NA,NA,NA,NA,NA,NA,NA,NA
"228",227,228,3.521698,NA,NA,NA,NA,NA,NA,NA,NA,NA,NA,NA,NA,NA,NA,NA,NA,NA,NA,NA,NA,NA,NA,NA,NA,NA,NA,NA,NA,NA,NA,NA,NA,NA,NA,NA,NA,NA,NA,NA,NA,NA,NA,NA,NA,NA,NA,NA,NA,NA,NA
"229",228,229,46.39125,NA,NA,NA,NA,NA,NA,NA,NA,NA,NA,NA,NA,NA,NA,NA,NA,NA,NA,NA,NA,NA,NA,NA,NA,NA,NA,NA,NA,NA,NA,NA,NA,NA,NA,NA,NA,NA,NA,NA,NA,NA,NA,NA,NA,NA,NA,NA,NA,NA,NA
"230",228,230,40.20761,NA,NA,NA,NA,NA,NA,NA,NA,NA,NA,NA,NA,NA,NA,NA,NA,NA,NA,NA,NA,NA,NA,NA,NA,NA,NA,NA,NA,NA,NA,NA,NA,NA,NA,NA,NA,NA,NA,NA,NA,NA,NA,NA,NA,NA,NA,NA,NA,NA,NA
"231",197,231,27.263339,NA,NA,NA,NA,NA,NA,NA,NA,NA,NA,NA,NA,NA,NA,NA,NA,NA,NA,NA,NA,NA,NA,NA,NA,NA,NA,NA,NA,NA,NA,NA,NA,NA,NA,NA,NA,NA,NA,NA,NA,NA,NA,NA,NA,NA,NA,NA,NA,NA,NA
"232",231,232,7.127307,NA,NA,NA,NA,NA,NA,NA,NA,NA,NA,NA,NA,NA,NA,NA,NA,NA,NA,NA,NA,NA,NA,NA,NA,NA,NA,NA,NA,NA,NA,NA,NA,NA,NA,NA,NA,NA,NA,NA,NA,NA,NA,NA,NA,NA,NA,NA,NA,NA,NA
"233",232,233,7.822122,NA,NA,NA,NA,NA,NA,NA,NA,NA,NA,NA,NA,NA,NA,NA,NA,NA,NA,NA,NA,NA,NA,NA,NA,NA,NA,NA,NA,NA,NA,NA,NA,NA,NA,NA,NA,NA,NA,NA,NA,NA,NA,NA,NA,NA,NA,NA,NA,NA,NA
"234",233,234,0.736184,NA,NA,NA,NA,NA,NA,NA,NA,NA,NA,NA,NA,NA,NA,NA,NA,NA,NA,NA,NA,NA,NA,NA,NA,NA,NA,NA,NA,NA,NA,NA,NA,NA,NA,NA,NA,NA,NA,NA,NA,NA,NA,NA,NA,NA,NA,NA,NA,NA,NA
"235",234,235,6.198789,NA,NA,NA,NA,NA,NA,NA,NA,NA,NA,NA,NA,NA,NA,NA,NA,NA,NA,NA,NA,NA,NA,NA,NA,NA,NA,NA,NA,NA,NA,NA,NA,NA,NA,NA,NA,NA,NA,NA,NA,NA,NA,NA,NA,NA,NA,NA,NA,NA,NA
"236",235,236,3.278727,NA,NA,NA,NA,NA,NA,NA,NA,NA,NA,NA,NA,NA,NA,NA,NA,NA,NA,NA,NA,NA,NA,NA,NA,NA,NA,NA,NA,NA,NA,NA,NA,NA,NA,NA,NA,NA,NA,NA,NA,NA,NA,NA,NA,NA,NA,NA,NA,NA,NA
"237",236,237,0.006518,NA,NA,NA,NA,NA,NA,NA,NA,NA,NA,NA,NA,NA,NA,NA,NA,NA,NA,NA,NA,NA,NA,NA,NA,NA,NA,NA,NA,NA,NA,NA,NA,NA,NA,NA,NA,NA,NA,NA,NA,NA,NA,NA,NA,NA,NA,NA,NA,NA,NA
"238",237,238,4.274903,NA,NA,NA,NA,NA,NA,NA,NA,NA,NA,NA,NA,NA,NA,NA,NA,NA,NA,NA,NA,NA,NA,NA,NA,NA,NA,NA,NA,NA,NA,NA,NA,NA,NA,NA,NA,NA,NA,NA,NA,NA,NA,NA,NA,NA,NA,NA,NA,NA,NA
"239",238,239,0.676047,NA,NA,NA,NA,NA,NA,NA,NA,NA,NA,NA,NA,NA,NA,NA,NA,NA,NA,NA,NA,NA,NA,NA,NA,NA,NA,NA,NA,NA,NA,NA,NA,NA,NA,NA,NA,NA,NA,NA,NA,NA,NA,NA,NA,NA,NA,NA,NA,NA,NA
"240",239,240,0.99908,NA,NA,NA,NA,NA,NA,NA,NA,NA,NA,NA,NA,NA,NA,NA,NA,NA,NA,NA,NA,NA,NA,NA,NA,NA,NA,NA,NA,NA,NA,NA,NA,NA,NA,NA,NA,NA,NA,NA,NA,NA,NA,NA,NA,NA,NA,NA,NA,NA,NA
"241",240,241,3.61691,NA,NA,NA,NA,NA,NA,NA,NA,NA,NA,NA,NA,NA,NA,NA,NA,NA,NA,NA,NA,NA,NA,NA,NA,NA,NA,NA,NA,NA,NA,NA,NA,NA,NA,NA,NA,NA,NA,NA,NA,NA,NA,NA,NA,NA,NA,NA,NA,NA,NA
"242",241,242,0.015558,NA,NA,NA,NA,NA,NA,NA,NA,NA,NA,NA,NA,NA,NA,NA,NA,NA,NA,NA,NA,NA,NA,NA,NA,NA,NA,NA,NA,NA,NA,NA,NA,NA,NA,NA,NA,NA,NA,NA,NA,NA,NA,NA,NA,NA,NA,NA,NA,NA,NA
"243",242,243,1.197145,NA,NA,NA,NA,NA,NA,NA,NA,NA,NA,NA,NA,NA,NA,NA,NA,NA,NA,NA,NA,NA,NA,NA,NA,NA,NA,NA,NA,NA,NA,NA,NA,NA,NA,NA,NA,NA,NA,NA,NA,NA,NA,NA,NA,NA,NA,NA,NA,NA,NA
"244",243,244,0.804583,NA,NA,NA,NA,NA,NA,NA,NA,NA,NA,NA,NA,NA,NA,NA,NA,NA,NA,NA,NA,NA,NA,NA,NA,NA,NA,NA,NA,NA,NA,NA,NA,NA,NA,NA,NA,NA,NA,NA,NA,NA,NA,NA,NA,NA,NA,NA,NA,NA,NA
"245",244,245,0.510494,NA,NA,NA,NA,NA,NA,NA,NA,NA,NA,NA,NA,NA,NA,NA,NA,NA,NA,NA,NA,NA,NA,NA,NA,NA,NA,NA,NA,NA,NA,NA,NA,NA,NA,NA,NA,NA,NA,NA,NA,NA,NA,NA,NA,NA,NA,NA,NA,NA,NA
"246",245,246,1.300942,NA,NA,NA,NA,NA,NA,NA,NA,NA,NA,NA,NA,NA,NA,NA,NA,NA,NA,NA,NA,NA,NA,NA,NA,NA,NA,NA,NA,NA,NA,NA,NA,NA,NA,NA,NA,NA,NA,NA,NA,NA,NA,NA,NA,NA,NA,NA,NA,NA,NA
"247",246,247,2.462771,NA,NA,NA,NA,NA,NA,NA,NA,NA,NA,NA,NA,NA,NA,NA,NA,NA,NA,NA,NA,NA,NA,NA,NA,NA,NA,NA,NA,NA,NA,NA,NA,NA,NA,NA,NA,NA,NA,NA,NA,NA,NA,NA,NA,NA,NA,NA,NA,NA,NA
"248",247,248,0.445934,NA,NA,NA,NA,NA,NA,NA,NA,NA,NA,NA,NA,NA,NA,NA,NA,NA,NA,NA,NA,NA,NA,NA,NA,NA,NA,NA,NA,NA,NA,NA,NA,NA,NA,NA,NA,NA,NA,NA,NA,NA,NA,NA,NA,NA,NA,NA,NA,NA,NA
"249",248,249,2.000451,NA,NA,NA,NA,NA,NA,NA,NA,NA,NA,NA,NA,NA,NA,NA,NA,NA,NA,NA,NA,NA,NA,NA,NA,NA,NA,NA,NA,NA,NA,NA,NA,NA,NA,NA,NA,NA,NA,NA,NA,NA,NA,NA,NA,NA,NA,NA,NA,NA,NA
"250",249,250,0.921599,NA,NA,NA,NA,NA,NA,NA,NA,NA,NA,NA,NA,NA,NA,NA,NA,NA,NA,NA,NA,NA,NA,NA,NA,NA,NA,NA,NA,NA,NA,NA,NA,NA,NA,NA,NA,NA,NA,NA,NA,NA,NA,NA,NA,NA,NA,NA,NA,NA,NA
"251",250,251,0.002605,NA,NA,NA,NA,NA,NA,NA,NA,NA,NA,NA,NA,NA,NA,NA,NA,NA,NA,NA,NA,NA,NA,NA,NA,NA,NA,NA,NA,NA,NA,NA,NA,NA,NA,NA,NA,NA,NA,NA,NA,NA,NA,NA,NA,NA,NA,NA,NA,NA,NA
"252",251,252,0.783826,NA,NA,NA,NA,NA,NA,NA,NA,NA,NA,NA,NA,NA,NA,NA,NA,NA,NA,NA,NA,NA,NA,NA,NA,NA,NA,NA,NA,NA,NA,NA,NA,NA,NA,NA,NA,NA,NA,NA,NA,NA,NA,NA,NA,NA,NA,NA,NA,NA,NA
"253",252,253,0.007332,NA,NA,NA,NA,NA,NA,NA,NA,NA,NA,NA,NA,NA,NA,NA,NA,NA,NA,NA,NA,NA,NA,NA,NA,NA,NA,NA,NA,NA,NA,NA,NA,NA,NA,NA,NA,NA,NA,NA,NA,NA,NA,NA,NA,NA,NA,NA,NA,NA,NA
"254",253,254,0.365944,NA,NA,NA,NA,NA,NA,NA,NA,NA,NA,NA,NA,NA,NA,NA,NA,NA,NA,NA,NA,NA,NA,NA,NA,NA,NA,NA,NA,NA,NA,NA,NA,NA,NA,NA,NA,NA,NA,NA,NA,NA,NA,NA,NA,NA,NA,NA,NA,NA,NA
"255",254,255,0.619359,NA,NA,NA,NA,NA,NA,NA,NA,NA,NA,NA,NA,NA,NA,NA,NA,NA,NA,NA,NA,NA,NA,NA,NA,NA,NA,NA,NA,NA,NA,NA,NA,NA,NA,NA,NA,NA,NA,NA,NA,NA,NA,NA,NA,NA,NA,NA,NA,NA,NA
"256",255,256,0.004708,NA,NA,NA,NA,NA,NA,NA,NA,NA,NA,NA,NA,NA,NA,NA,NA,NA,NA,NA,NA,NA,NA,NA,NA,NA,NA,NA,NA,NA,NA,NA,NA,NA,NA,NA,NA,NA,NA,NA,NA,NA,NA,NA,NA,NA,NA,NA,NA,NA,NA
"257",256,257,0.498062,NA,NA,NA,NA,NA,NA,NA,NA,NA,NA,NA,NA,NA,NA,NA,NA,NA,NA,NA,NA,NA,NA,NA,NA,NA,NA,NA,NA,NA,NA,NA,NA,NA,NA,NA,NA,NA,NA,NA,NA,NA,NA,NA,NA,NA,NA,NA,NA,NA,NA
"258",257,258,0.875497,NA,NA,NA,NA,NA,NA,NA,NA,NA,NA,NA,NA,NA,NA,NA,NA,NA,NA,NA,NA,NA,NA,NA,NA,NA,NA,NA,NA,NA,NA,NA,NA,NA,NA,NA,NA,NA,NA,NA,NA,NA,NA,NA,NA,NA,NA,NA,NA,NA,NA
"259",257,259,1.676226,NA,NA,NA,NA,NA,NA,NA,NA,NA,NA,NA,NA,NA,NA,NA,NA,NA,NA,NA,NA,NA,NA,NA,NA,NA,NA,NA,NA,NA,NA,NA,NA,NA,NA,NA,NA,NA,NA,NA,NA,NA,NA,NA,NA,NA,NA,NA,NA,NA,NA
"260",256,260,0.090502,NA,NA,NA,NA,NA,NA,NA,NA,NA,NA,NA,NA,NA,NA,NA,NA,NA,NA,NA,NA,NA,NA,NA,NA,NA,NA,NA,NA,NA,NA,NA,NA,NA,NA,NA,NA,NA,NA,NA,NA,NA,NA,NA,NA,NA,NA,NA,NA,NA,NA
"261",260,261,0.019774,NA,NA,NA,NA,NA,NA,NA,NA,NA,NA,NA,NA,NA,NA,NA,NA,NA,NA,NA,NA,NA,NA,NA,NA,NA,NA,NA,NA,NA,NA,NA,NA,NA,NA,NA,NA,NA,NA,NA,NA,NA,NA,NA,NA,NA,NA,NA,NA,NA,NA
"262",261,262,0.36727,NA,NA,NA,NA,NA,NA,NA,NA,NA,NA,NA,NA,NA,NA,NA,NA,NA,NA,NA,NA,NA,NA,NA,NA,NA,NA,NA,NA,NA,NA,NA,NA,NA,NA,NA,NA,NA,NA,NA,NA,NA,NA,NA,NA,NA,NA,NA,NA,NA,NA
"263",262,263,0.003503,NA,NA,NA,NA,NA,NA,NA,NA,NA,NA,NA,NA,NA,NA,NA,NA,NA,NA,NA,NA,NA,NA,NA,NA,NA,NA,NA,NA,NA,NA,NA,NA,NA,NA,NA,NA,NA,NA,NA,NA,NA,NA,NA,NA,NA,NA,NA,NA,NA,NA
"264",263,264,2.525584,NA,NA,NA,NA,NA,NA,NA,NA,NA,NA,NA,NA,NA,NA,NA,NA,NA,NA,NA,NA,NA,NA,NA,NA,NA,NA,NA,NA,NA,NA,NA,NA,NA,NA,NA,NA,NA,NA,NA,NA,NA,NA,NA,NA,NA,NA,NA,NA,NA,NA
"265",261,265,0.342828,NA,NA,NA,NA,NA,NA,NA,NA,NA,NA,NA,NA,NA,NA,NA,NA,NA,NA,NA,NA,NA,NA,NA,NA,NA,NA,NA,NA,NA,NA,NA,NA,NA,NA,NA,NA,NA,NA,NA,NA,NA,NA,NA,NA,NA,NA,NA,NA,NA,NA
"266",254,266,1.246946,NA,NA,NA,NA,NA,NA,NA,NA,NA,NA,NA,NA,NA,NA,NA,NA,NA,NA,NA,NA,NA,NA,NA,NA,NA,NA,NA,NA,NA,NA,NA,NA,NA,NA,NA,NA,NA,NA,NA,NA,NA,NA,NA,NA,NA,NA,NA,NA,NA,NA
"267",266,267,0.012317,NA,NA,NA,NA,NA,NA,NA,NA,NA,NA,NA,NA,NA,NA,NA,NA,NA,NA,NA,NA,NA,NA,NA,NA,NA,NA,NA,NA,NA,NA,NA,NA,NA,NA,NA,NA,NA,NA,NA,NA,NA,NA,NA,NA,NA,NA,NA,NA,NA,NA
"268",267,268,2.337477,NA,NA,NA,NA,NA,NA,NA,NA,NA,NA,NA,NA,NA,NA,NA,NA,NA,NA,NA,NA,NA,NA,NA,NA,NA,NA,NA,NA,NA,NA,NA,NA,NA,NA,NA,NA,NA,NA,NA,NA,NA,NA,NA,NA,NA,NA,NA,NA,NA,NA
"269",267,269,3.418863,NA,NA,NA,NA,NA,NA,NA,NA,NA,NA,NA,NA,NA,NA,NA,NA,NA,NA,NA,NA,NA,NA,NA,NA,NA,NA,NA,NA,NA,NA,NA,NA,NA,NA,NA,NA,NA,NA,NA,NA,NA,NA,NA,NA,NA,NA,NA,NA,NA,NA
"270",253,270,0.465305,NA,NA,NA,NA,NA,NA,NA,NA,NA,NA,NA,NA,NA,NA,NA,NA,NA,NA,NA,NA,NA,NA,NA,NA,NA,NA,NA,NA,NA,NA,NA,NA,NA,NA,NA,NA,NA,NA,NA,NA,NA,NA,NA,NA,NA,NA,NA,NA,NA,NA
"271",270,271,0.354356,NA,NA,NA,NA,NA,NA,NA,NA,NA,NA,NA,NA,NA,NA,NA,NA,NA,NA,NA,NA,NA,NA,NA,NA,NA,NA,NA,NA,NA,NA,NA,NA,NA,NA,NA,NA,NA,NA,NA,NA,NA,NA,NA,NA,NA,NA,NA,NA,NA,NA
"272",252,272,0.346367,NA,NA,NA,NA,NA,NA,NA,NA,NA,NA,NA,NA,NA,NA,NA,NA,NA,NA,NA,NA,NA,NA,NA,NA,NA,NA,NA,NA,NA,NA,NA,NA,NA,NA,NA,NA,NA,NA,NA,NA,NA,NA,NA,NA,NA,NA,NA,NA,NA,NA
"273",272,273,0.149125,NA,NA,NA,NA,NA,NA,NA,NA,NA,NA,NA,NA,NA,NA,NA,NA,NA,NA,NA,NA,NA,NA,NA,NA,NA,NA,NA,NA,NA,NA,NA,NA,NA,NA,NA,NA,NA,NA,NA,NA,NA,NA,NA,NA,NA,NA,NA,NA,NA,NA
"274",273,274,0.320756,NA,NA,NA,NA,NA,NA,NA,NA,NA,NA,NA,NA,NA,NA,NA,NA,NA,NA,NA,NA,NA,NA,NA,NA,NA,NA,NA,NA,NA,NA,NA,NA,NA,NA,NA,NA,NA,NA,NA,NA,NA,NA,NA,NA,NA,NA,NA,NA,NA,NA
"275",274,275,0.269726,NA,NA,NA,NA,NA,NA,NA,NA,NA,NA,NA,NA,NA,NA,NA,NA,NA,NA,NA,NA,NA,NA,NA,NA,NA,NA,NA,NA,NA,NA,NA,NA,NA,NA,NA,NA,NA,NA,NA,NA,NA,NA,NA,NA,NA,NA,NA,NA,NA,NA
"276",275,276,1.457331,NA,NA,NA,NA,NA,NA,NA,NA,NA,NA,NA,NA,NA,NA,NA,NA,NA,NA,NA,NA,NA,NA,NA,NA,NA,NA,NA,NA,NA,NA,NA,NA,NA,NA,NA,NA,NA,NA,NA,NA,NA,NA,NA,NA,NA,NA,NA,NA,NA,NA
"277",276,277,0.432273,NA,NA,NA,NA,NA,NA,NA,NA,NA,NA,NA,NA,NA,NA,NA,NA,NA,NA,NA,NA,NA,NA,NA,NA,NA,NA,NA,NA,NA,NA,NA,NA,NA,NA,NA,NA,NA,NA,NA,NA,NA,NA,NA,NA,NA,NA,NA,NA,NA,NA
"278",277,278,1.28211,NA,NA,NA,NA,NA,NA,NA,NA,NA,NA,NA,NA,NA,NA,NA,NA,NA,NA,NA,NA,NA,NA,NA,NA,NA,NA,NA,NA,NA,NA,NA,NA,NA,NA,NA,NA,NA,NA,NA,NA,NA,NA,NA,NA,NA,NA,NA,NA,NA,NA
"279",276,279,0.075778,NA,NA,NA,NA,NA,NA,NA,NA,NA,NA,NA,NA,NA,NA,NA,NA,NA,NA,NA,NA,NA,NA,NA,NA,NA,NA,NA,NA,NA,NA,NA,NA,NA,NA,NA,NA,NA,NA,NA,NA,NA,NA,NA,NA,NA,NA,NA,NA,NA,NA
"280",273,280,1.42201,NA,NA,NA,NA,NA,NA,NA,NA,NA,NA,NA,NA,NA,NA,NA,NA,NA,NA,NA,NA,NA,NA,NA,NA,NA,NA,NA,NA,NA,NA,NA,NA,NA,NA,NA,NA,NA,NA,NA,NA,NA,NA,NA,NA,NA,NA,NA,NA,NA,NA
"281",280,281,0.709427,NA,NA,NA,NA,NA,NA,NA,NA,NA,NA,NA,NA,NA,NA,NA,NA,NA,NA,NA,NA,NA,NA,NA,NA,NA,NA,NA,NA,NA,NA,NA,NA,NA,NA,NA,NA,NA,NA,NA,NA,NA,NA,NA,NA,NA,NA,NA,NA,NA,NA
"282",251,282,0.411714,NA,NA,NA,NA,NA,NA,NA,NA,NA,NA,NA,NA,NA,NA,NA,NA,NA,NA,NA,NA,NA,NA,NA,NA,NA,NA,NA,NA,NA,NA,NA,NA,NA,NA,NA,NA,NA,NA,NA,NA,NA,NA,NA,NA,NA,NA,NA,NA,NA,NA
"283",282,283,1.121216,NA,NA,NA,NA,NA,NA,NA,NA,NA,NA,NA,NA,NA,NA,NA,NA,NA,NA,NA,NA,NA,NA,NA,NA,NA,NA,NA,NA,NA,NA,NA,NA,NA,NA,NA,NA,NA,NA,NA,NA,NA,NA,NA,NA,NA,NA,NA,NA,NA,NA
"284",248,284,1.845302,NA,NA,NA,NA,NA,NA,NA,NA,NA,NA,NA,NA,NA,NA,NA,NA,NA,NA,NA,NA,NA,NA,NA,NA,NA,NA,NA,NA,NA,NA,NA,NA,NA,NA,NA,NA,NA,NA,NA,NA,NA,NA,NA,NA,NA,NA,NA,NA,NA,NA
"285",284,285,1.438727,NA,NA,NA,NA,NA,NA,NA,NA,NA,NA,NA,NA,NA,NA,NA,NA,NA,NA,NA,NA,NA,NA,NA,NA,NA,NA,NA,NA,NA,NA,NA,NA,NA,NA,NA,NA,NA,NA,NA,NA,NA,NA,NA,NA,NA,NA,NA,NA,NA,NA
"286",285,286,2.570948,NA,NA,NA,NA,NA,NA,NA,NA,NA,NA,NA,NA,NA,NA,NA,NA,NA,NA,NA,NA,NA,NA,NA,NA,NA,NA,NA,NA,NA,NA,NA,NA,NA,NA,NA,NA,NA,NA,NA,NA,NA,NA,NA,NA,NA,NA,NA,NA,NA,NA
"287",286,287,1.139222,NA,NA,NA,NA,NA,NA,NA,NA,NA,NA,NA,NA,NA,NA,NA,NA,NA,NA,NA,NA,NA,NA,NA,NA,NA,NA,NA,NA,NA,NA,NA,NA,NA,NA,NA,NA,NA,NA,NA,NA,NA,NA,NA,NA,NA,NA,NA,NA,NA,NA
"288",285,288,2.142118,NA,NA,NA,NA,NA,NA,NA,NA,NA,NA,NA,NA,NA,NA,NA,NA,NA,NA,NA,NA,NA,NA,NA,NA,NA,NA,NA,NA,NA,NA,NA,NA,NA,NA,NA,NA,NA,NA,NA,NA,NA,NA,NA,NA,NA,NA,NA,NA,NA,NA
"289",246,289,3.540821,NA,NA,NA,NA,NA,NA,NA,NA,NA,NA,NA,NA,NA,NA,NA,NA,NA,NA,NA,NA,NA,NA,NA,NA,NA,NA,NA,NA,NA,NA,NA,NA,NA,NA,NA,NA,NA,NA,NA,NA,NA,NA,NA,NA,NA,NA,NA,NA,NA,NA
"290",289,290,1.497795,NA,NA,NA,NA,NA,NA,NA,NA,NA,NA,NA,NA,NA,NA,NA,NA,NA,NA,NA,NA,NA,NA,NA,NA,NA,NA,NA,NA,NA,NA,NA,NA,NA,NA,NA,NA,NA,NA,NA,NA,NA,NA,NA,NA,NA,NA,NA,NA,NA,NA
"291",290,291,2.185462,NA,NA,NA,NA,NA,NA,NA,NA,NA,NA,NA,NA,NA,NA,NA,NA,NA,NA,NA,NA,NA,NA,NA,NA,NA,NA,NA,NA,NA,NA,NA,NA,NA,NA,NA,NA,NA,NA,NA,NA,NA,NA,NA,NA,NA,NA,NA,NA,NA,NA
"292",242,292,7.676219,NA,NA,NA,NA,NA,NA,NA,NA,NA,NA,NA,NA,NA,NA,NA,NA,NA,NA,NA,NA,NA,NA,NA,NA,NA,NA,NA,NA,NA,NA,NA,NA,NA,NA,NA,NA,NA,NA,NA,NA,NA,NA,NA,NA,NA,NA,NA,NA,NA,NA
"293",292,293,3.388229,NA,NA,NA,NA,NA,NA,NA,NA,NA,NA,NA,NA,NA,NA,NA,NA,NA,NA,NA,NA,NA,NA,NA,NA,NA,NA,NA,NA,NA,NA,NA,NA,NA,NA,NA,NA,NA,NA,NA,NA,NA,NA,NA,NA,NA,NA,NA,NA,NA,NA
"294",240,294,1.837056,NA,NA,NA,NA,NA,NA,NA,NA,NA,NA,NA,NA,NA,NA,NA,NA,NA,NA,NA,NA,NA,NA,NA,NA,NA,NA,NA,NA,NA,NA,NA,NA,NA,NA,NA,NA,NA,NA,NA,NA,NA,NA,NA,NA,NA,NA,NA,NA,NA,NA
"295",294,295,7.326526,NA,NA,NA,NA,NA,NA,NA,NA,NA,NA,NA,NA,NA,NA,NA,NA,NA,NA,NA,NA,NA,NA,NA,NA,NA,NA,NA,NA,NA,NA,NA,NA,NA,NA,NA,NA,NA,NA,NA,NA,NA,NA,NA,NA,NA,NA,NA,NA,NA,NA
"296",295,296,6.655811,NA,NA,NA,NA,NA,NA,NA,NA,NA,NA,NA,NA,NA,NA,NA,NA,NA,NA,NA,NA,NA,NA,NA,NA,NA,NA,NA,NA,NA,NA,NA,NA,NA,NA,NA,NA,NA,NA,NA,NA,NA,NA,NA,NA,NA,NA,NA,NA,NA,NA
"297",239,297,5.615838,NA,NA,NA,NA,NA,NA,NA,NA,NA,NA,NA,NA,NA,NA,NA,NA,NA,NA,NA,NA,NA,NA,NA,NA,NA,NA,NA,NA,NA,NA,NA,NA,NA,NA,NA,NA,NA,NA,NA,NA,NA,NA,NA,NA,NA,NA,NA,NA,NA,NA
"298",238,298,1.661822,NA,NA,NA,NA,NA,NA,NA,NA,NA,NA,NA,NA,NA,NA,NA,NA,NA,NA,NA,NA,NA,NA,NA,NA,NA,NA,NA,NA,NA,NA,NA,NA,NA,NA,NA,NA,NA,NA,NA,NA,NA,NA,NA,NA,NA,NA,NA,NA,NA,NA
"299",298,299,3.875456,NA,NA,NA,NA,NA,NA,NA,NA,NA,NA,NA,NA,NA,NA,NA,NA,NA,NA,NA,NA,NA,NA,NA,NA,NA,NA,NA,NA,NA,NA,NA,NA,NA,NA,NA,NA,NA,NA,NA,NA,NA,NA,NA,NA,NA,NA,NA,NA,NA,NA
"300",299,300,0.557813,NA,NA,NA,NA,NA,NA,NA,NA,NA,NA,NA,NA,NA,NA,NA,NA,NA,NA,NA,NA,NA,NA,NA,NA,NA,NA,NA,NA,NA,NA,NA,NA,NA,NA,NA,NA,NA,NA,NA,NA,NA,NA,NA,NA,NA,NA,NA,NA,NA,NA
"301",300,301,1.289486,NA,NA,NA,NA,NA,NA,NA,NA,NA,NA,NA,NA,NA,NA,NA,NA,NA,NA,NA,NA,NA,NA,NA,NA,NA,NA,NA,NA,NA,NA,NA,NA,NA,NA,NA,NA,NA,NA,NA,NA,NA,NA,NA,NA,NA,NA,NA,NA,NA,NA
"302",299,302,1.481597,NA,NA,NA,NA,NA,NA,NA,NA,NA,NA,NA,NA,NA,NA,NA,NA,NA,NA,NA,NA,NA,NA,NA,NA,NA,NA,NA,NA,NA,NA,NA,NA,NA,NA,NA,NA,NA,NA,NA,NA,NA,NA,NA,NA,NA,NA,NA,NA,NA,NA
"303",302,303,12.607646,NA,NA,NA,NA,NA,NA,NA,NA,NA,NA,NA,NA,NA,NA,NA,NA,NA,NA,NA,NA,NA,NA,NA,NA,NA,NA,NA,NA,NA,NA,NA,NA,NA,NA,NA,NA,NA,NA,NA,NA,NA,NA,NA,NA,NA,NA,NA,NA,NA,NA
"304",303,304,1.387165,NA,NA,NA,NA,NA,NA,NA,NA,NA,NA,NA,NA,NA,NA,NA,NA,NA,NA,NA,NA,NA,NA,NA,NA,NA,NA,NA,NA,NA,NA,NA,NA,NA,NA,NA,NA,NA,NA,NA,NA,NA,NA,NA,NA,NA,NA,NA,NA,NA,NA
"305",302,305,3.074311,NA,NA,NA,NA,NA,NA,NA,NA,NA,NA,NA,NA,NA,NA,NA,NA,NA,NA,NA,NA,NA,NA,NA,NA,NA,NA,NA,NA,NA,NA,NA,NA,NA,NA,NA,NA,NA,NA,NA,NA,NA,NA,NA,NA,NA,NA,NA,NA,NA,NA
"306",298,306,13.182256,NA,NA,NA,NA,NA,NA,NA,NA,NA,NA,NA,NA,NA,NA,NA,NA,NA,NA,NA,NA,NA,NA,NA,NA,NA,NA,NA,NA,NA,NA,NA,NA,NA,NA,NA,NA,NA,NA,NA,NA,NA,NA,NA,NA,NA,NA,NA,NA,NA,NA
"307",237,307,0.019483,NA,NA,NA,NA,NA,NA,NA,NA,NA,NA,NA,NA,NA,NA,NA,NA,NA,NA,NA,NA,NA,NA,NA,NA,NA,NA,NA,NA,NA,NA,NA,NA,NA,NA,NA,NA,NA,NA,NA,NA,NA,NA,NA,NA,NA,NA,NA,NA,NA,NA
"308",307,308,15.578542,NA,NA,NA,NA,NA,NA,NA,NA,NA,NA,NA,NA,NA,NA,NA,NA,NA,NA,NA,NA,NA,NA,NA,NA,NA,NA,NA,NA,NA,NA,NA,NA,NA,NA,NA,NA,NA,NA,NA,NA,NA,NA,NA,NA,NA,NA,NA,NA,NA,NA
"309",236,309,8.007352,NA,NA,NA,NA,NA,NA,NA,NA,NA,NA,NA,NA,NA,NA,NA,NA,NA,NA,NA,NA,NA,NA,NA,NA,NA,NA,NA,NA,NA,NA,NA,NA,NA,NA,NA,NA,NA,NA,NA,NA,NA,NA,NA,NA,NA,NA,NA,NA,NA,NA
"310",231,310,24.677475,NA,NA,NA,NA,NA,NA,NA,NA,NA,NA,NA,NA,NA,NA,NA,NA,NA,NA,NA,NA,NA,NA,NA,NA,NA,NA,NA,NA,NA,NA,NA,NA,NA,NA,NA,NA,NA,NA,NA,NA,NA,NA,NA,NA,NA,NA,NA,NA,NA,NA
"311",196,311,73.7163075,NA,NA,NA,NA,NA,NA,NA,NA,NA,NA,NA,NA,NA,NA,NA,NA,NA,NA,NA,NA,NA,NA,NA,NA,NA,NA,NA,NA,NA,NA,NA,NA,NA,NA,NA,NA,NA,NA,NA,NA,NA,NA,NA,NA,NA,NA,NA,NA,NA,NA
